-- phpMyAdmin SQL Dump
-- version 3.4.11.1deb2+deb7u1
-- http://www.phpmyadmin.net
--
-- Хост: localhost
-- Время создания: Май 08 2015 г., 16:13
-- Версия сервера: 5.5.43
-- Версия PHP: 5.5.24-1~dotdeb+wheezy.1

SET SQL_MODE="NO_AUTO_VALUE_ON_ZERO";
SET time_zone = "+00:00";


/*!40101 SET @OLD_CHARACTER_SET_CLIENT=@@CHARACTER_SET_CLIENT */;
/*!40101 SET @OLD_CHARACTER_SET_RESULTS=@@CHARACTER_SET_RESULTS */;
/*!40101 SET @OLD_COLLATION_CONNECTION=@@COLLATION_CONNECTION */;
/*!40101 SET NAMES utf8 */;

--
-- База данных: `sia_press`
--

-- --------------------------------------------------------

--
-- Структура таблицы `advert`
--

CREATE TABLE IF NOT EXISTS `advert` (
  `id` int(7) NOT NULL AUTO_INCREMENT,
  `date_create` timestamp NOT NULL DEFAULT CURRENT_TIMESTAMP,
  `item` int(11) NOT NULL,
  `id_client` int(255) NOT NULL,
  `text_advert` text NOT NULL,
  `comment` text NOT NULL,
  `words` int(255) NOT NULL,
  `price` varchar(255) NOT NULL,
  `calc_id` int(255) NOT NULL,
  `speed` int(1) NOT NULL,
  `paid` int(1) NOT NULL,
  `offsetting` int(1) NOT NULL,
  `who_add` int(11) NOT NULL,
  `md5_id` varchar(255) NOT NULL,
  `edit` int(1) NOT NULL,
  PRIMARY KEY (`id`),
  UNIQUE KEY `id` (`id`),
  KEY `date_create` (`date_create`,`id_client`,`paid`),
  KEY `offsetting` (`offsetting`),
  KEY `date_create_2` (`date_create`)
) ENGINE=InnoDB  DEFAULT CHARSET=utf8 AUTO_INCREMENT=23 ;

--
-- Дамп данных таблицы `advert`
--

INSERT INTO `advert` (`id`, `date_create`, `item`, `id_client`, `text_advert`, `comment`, `words`, `price`, `calc_id`, `speed`, `paid`, `offsetting`, `who_add`, `md5_id`, `edit`) VALUES
(11, '2015-04-29 08:49:37', 3, 9, 'ываываыва ываыва ываа ыва ываыва ыва ыав ', 'василич', 7, '98', 1065, 0, 1, 0, 1, '22da7a74099a9fe9f1cf0a49018f4a75', 1),
(12, '2015-04-29 08:51:59', 3, 15, 'ыва ыва ыава ываывваываыва ыва ыва  sadfsdf ssdf sdfsdf sdf sdf', '1-0-0-1', 13, '663', 1054, 0, 1, 0, 1, '9a1f6ee9d8e7a669491ca0f4982c88b6', 1),
(13, '2015-04-29 11:46:02', 1, 15, 'фывфыв фыв фыв вфыв фывфыв ', 'фывфыв фыв фывывфыв фыв фыв', 5, '150', 1068, 0, 1, 0, 2, 'be3a2e1b1c87cbde46264126a14b353a', 0),
(14, '2015-04-29 11:51:53', 1, 15, 'фывфыв фыв фыв вфыв фывфыв ', 'фывфыв фыв фывывфыв фыв фыв', 5, '50', 1069, 0, 1, 0, 2, 'e4546eb20a20730c97debbed9b700044', 0),
(15, '2015-04-30 08:21:14', 2, 16, 'Кука!', 'Ага2', 1, '1900.02', 1226, 0, 1, 0, 2, 'a3f6fc3b7df39047de4a7de21bb7a670', 1),
(16, '2015-04-30 08:26:20', 2, 16, 'Никола топми. Тел. 22-44-55', 'ват', 3, '0', 1236, 0, 1, 0, 2, '32e166aa1756d10908b77ab76f127b87', 0),
(17, '2015-04-30 08:28:58', 2, 17, 'мегатонна', 'раз', 1, '420', 1243, 0, 1, 0, 2, '8909c373a5f61af9f420206b67bb1654', 0),
(18, '2015-04-30 08:33:39', 1, 18, '1234 1234 1234', '', 3, '1890', 1253, 0, 1, 0, 3, 'd7226debbbb24eece89213baabffd9e6', 0),
(19, '2015-04-30 08:38:07', 2, 16, 'Девятое термидора. Тел. 22-11-22', '', 3, '4200', 1299, 0, 1, 0, 1, '702f058954ab7b21d24ffaa4afe8b769', 0),
(20, '2015-04-30 08:41:02', 1, 19, '875 87960 7865', '', 3, '4410', 1318, 0, 1, 0, 1, 'bf19a67dfe03e9cddb9f2b038e8e2e19', 0),
(21, '2015-04-30 11:52:41', 2, 20, '12345 12345', 'Отто', 2, '380', 1352, 0, 1, 0, 3, '9f202950bfe85cc2c8449f2fa47dc635', 0),
(22, '2015-05-05 10:25:52', 3, 21, 'Требуются водители с л/а, кат. "Е", инженер ПТО.  Тел. 23-23-23', '', 8, '8400', 1359, 0, 1, 0, 1, '8d4c0869d63870827356757757433f77', 0);

-- --------------------------------------------------------

--
-- Структура таблицы `calculation`
--

CREATE TABLE IF NOT EXISTS `calculation` (
  `id` int(255) NOT NULL AUTO_INCREMENT,
  `summa` varchar(255) NOT NULL,
  `price_day` varchar(255) NOT NULL,
  `discount_id` int(255) NOT NULL,
  `discount` varchar(255) NOT NULL,
  PRIMARY KEY (`id`)
) ENGINE=InnoDB  DEFAULT CHARSET=utf8 AUTO_INCREMENT=1364 ;

--
-- Дамп данных таблицы `calculation`
--

INSERT INTO `calculation` (`id`, `summa`, `price_day`, `discount_id`, `discount`) VALUES
(1, '780', '', 0, ''),
(2, '1092', '', 0, ''),
(3, '720', '', 0, ''),
(4, '30', '', 0, ''),
(5, '60', '', 0, ''),
(6, '90', '', 0, ''),
(7, '168', '', 0, ''),
(8, '25', '', 0, ''),
(9, '50', '', 0, ''),
(10, '105', '', 0, ''),
(11, '168', '', 0, ''),
(12, '15', '', 0, ''),
(13, '30', '', 0, ''),
(14, '60', '', 0, ''),
(15, '60', '', 0, ''),
(16, '60', '', 0, ''),
(17, '60', '', 0, ''),
(18, '60', '', 0, ''),
(19, '60', '', 0, ''),
(20, '60', '', 0, ''),
(21, '75', '', 0, ''),
(22, '75', '', 0, ''),
(23, '75', '', 0, ''),
(24, '75', '', 0, ''),
(25, '75', '', 0, ''),
(26, '75', '', 0, ''),
(27, '75', '', 0, ''),
(28, '90', '', 0, ''),
(29, '90', '', 0, ''),
(30, '90', '', 0, ''),
(31, '90', '', 0, ''),
(32, '90', '', 0, ''),
(33, '90', '', 0, ''),
(34, '90', '', 0, ''),
(35, '105', '', 0, ''),
(36, '105', '', 0, ''),
(37, '105', '', 0, ''),
(38, '105', '', 0, ''),
(39, '105', '', 0, ''),
(40, '105', '', 0, ''),
(41, '105', '', 0, ''),
(42, '105', '', 0, ''),
(43, '5', '', 0, ''),
(44, '10', '', 0, ''),
(45, '15', '', 0, ''),
(46, '28', '', 0, ''),
(47, '20', '', 0, ''),
(48, '40', '', 0, ''),
(49, '40', '', 0, ''),
(50, '40', '', 0, ''),
(51, '40', '', 0, ''),
(52, '40', '', 0, ''),
(53, '40', '', 0, ''),
(54, '40', '', 0, ''),
(55, '60', '', 0, ''),
(56, '60', '', 0, ''),
(57, '60', '', 0, ''),
(58, '60', '', 0, ''),
(59, '60', '', 0, ''),
(60, '60', '', 0, ''),
(61, '60', '', 0, ''),
(62, '80', '', 0, ''),
(63, '80', '', 0, ''),
(64, '80', '', 0, ''),
(65, '80', '', 0, ''),
(66, '80', '', 0, ''),
(67, '80', '', 0, ''),
(68, '80', '', 0, ''),
(69, '100', '', 0, ''),
(70, '100', '', 0, ''),
(71, '100', '', 0, ''),
(72, '120', '', 0, ''),
(73, '120', '', 0, ''),
(74, '120', '', 0, ''),
(75, '120', '', 0, ''),
(76, '140', '', 0, ''),
(77, '140', '', 0, ''),
(78, '140', '', 0, ''),
(79, '140', '', 0, ''),
(80, '160', '', 0, ''),
(81, '160', '', 0, ''),
(82, '160', '', 0, ''),
(83, '160', '', 0, ''),
(84, '180', '', 0, ''),
(85, '180', '', 0, ''),
(86, '180', '', 0, ''),
(87, '180', '', 0, ''),
(88, '200', '', 0, ''),
(89, '200', '', 0, ''),
(90, '200', '', 0, ''),
(91, '280', '', 0, ''),
(92, '1320', '', 0, ''),
(93, '2100', '', 0, ''),
(94, '40', '', 0, ''),
(95, '80', '', 0, ''),
(96, '120', '', 0, ''),
(97, '224', '', 0, ''),
(98, '160', '', 0, ''),
(99, '224', '', 0, ''),
(100, '1230', '', 0, ''),
(101, '15', '', 0, ''),
(102, '180', '', 0, ''),
(103, '1845', '', 0, ''),
(104, '180', '', 0, ''),
(105, '180', '', 0, ''),
(106, '180', '', 0, ''),
(107, '15', '', 0, ''),
(108, '30', '', 0, ''),
(109, '45', '', 0, ''),
(110, '60', '', 0, ''),
(111, '5', '', 0, ''),
(112, '10', '', 0, ''),
(113, '21', '', 0, ''),
(114, '15', '', 0, ''),
(115, '15', '', 0, ''),
(116, '5', '', 0, ''),
(117, '5', '', 0, ''),
(118, '5', '', 0, ''),
(119, '5', '', 0, ''),
(120, '5', '', 0, ''),
(121, '5', '', 0, ''),
(122, '5', '', 0, ''),
(123, '5', '', 0, ''),
(124, '5', '', 0, ''),
(125, '5', '', 0, ''),
(126, '5', '', 0, ''),
(127, '5', '', 0, ''),
(128, '5', '', 0, ''),
(129, '5', '', 0, ''),
(130, '5', '', 0, ''),
(131, '5', '', 0, ''),
(132, '5', '', 0, ''),
(133, '5', '', 0, ''),
(134, '5', '', 0, ''),
(135, '5', '', 0, ''),
(136, '5', '', 0, ''),
(137, '5', '', 0, ''),
(138, '5', '', 0, ''),
(139, '5', '', 0, ''),
(140, '5', '', 0, ''),
(141, '5', '', 0, ''),
(142, '5', '', 0, ''),
(143, '5', '', 0, ''),
(144, '5', '', 0, ''),
(145, '5', '', 0, ''),
(146, '5', '', 0, ''),
(147, '5', '', 0, ''),
(148, '10', '', 0, ''),
(149, '21', '', 0, ''),
(150, '15', '', 0, ''),
(151, '15', '', 0, ''),
(152, '5', '', 0, ''),
(153, '10', '', 0, ''),
(154, '15', '', 0, ''),
(155, '28', '', 0, ''),
(156, '20', '', 0, ''),
(157, '5', '', 0, ''),
(158, '10', '', 0, ''),
(159, '15', '', 0, ''),
(160, '20', '', 0, ''),
(161, '35', '', 0, ''),
(162, '25', '', 0, ''),
(163, '5', '', 0, ''),
(164, '10', '', 0, ''),
(165, '15', '', 0, ''),
(166, '21', '', 0, ''),
(167, '15', '', 0, ''),
(168, '20', '', 0, ''),
(169, '25', '', 0, ''),
(170, '30', '', 0, ''),
(171, '35', '', 0, ''),
(172, '49', '', 0, ''),
(173, '35', '', 0, ''),
(174, '350', '', 0, ''),
(175, '350', '', 0, ''),
(176, '350', '', 0, ''),
(177, '300', '', 0, ''),
(178, '250', '', 0, ''),
(179, '200', '', 0, ''),
(180, '150', '', 0, ''),
(181, '100', '', 0, ''),
(182, '50', '', 0, ''),
(183, '100', '', 0, ''),
(184, '150', '', 0, ''),
(185, '500', '', 0, ''),
(186, '500', '', 0, ''),
(187, '500', '', 0, ''),
(188, '200', '', 0, ''),
(189, '5', '', 0, ''),
(190, '10', '', 0, ''),
(191, '15', '', 0, ''),
(192, '20', '', 0, ''),
(193, '35', '', 0, ''),
(194, '70', '', 0, ''),
(195, '105', '', 0, ''),
(196, '140', '', 0, ''),
(197, '175', '', 0, ''),
(198, '210', '', 0, ''),
(199, '245', '', 0, ''),
(200, '40', '', 0, ''),
(201, '80', '', 0, ''),
(202, '120', '', 0, ''),
(203, '160', '', 0, ''),
(204, '200', '', 0, ''),
(205, '280', '', 0, ''),
(206, '25', '', 0, ''),
(207, '50', '', 0, ''),
(208, '75', '', 0, ''),
(209, '100', '', 0, ''),
(210, '125', '', 0, ''),
(211, '35', '', 0, ''),
(212, '70', '', 0, ''),
(213, '105', '', 0, ''),
(214, '140', '', 0, ''),
(215, '30', '', 0, ''),
(216, '60', '', 0, ''),
(217, '90', '', 0, ''),
(218, '120', '', 0, ''),
(219, '150', '', 0, ''),
(220, '30', '', 0, ''),
(221, '60', '', 0, ''),
(222, '90', '', 0, ''),
(223, '120', '', 0, ''),
(224, '150', '', 0, ''),
(225, '180', '', 0, ''),
(226, '210', '', 0, ''),
(227, '240', '', 0, ''),
(228, '270', '', 0, ''),
(229, '300', '', 0, ''),
(230, '420', '', 0, ''),
(231, '50', '', 0, ''),
(232, '50', '', 0, ''),
(233, '50', '', 0, ''),
(234, '100', '', 0, ''),
(235, '150', '', 0, ''),
(236, '200', '', 0, ''),
(237, '250', '', 0, ''),
(238, '300', '', 0, ''),
(239, '350', '', 0, ''),
(240, '400', '', 0, ''),
(241, '450', '', 0, ''),
(242, '500', '', 0, ''),
(243, '550', '', 0, ''),
(244, '600', '', 0, ''),
(245, '650', '', 0, ''),
(246, '700', '', 0, ''),
(247, '30', '', 0, ''),
(248, '60', '', 0, ''),
(249, '90', '', 0, ''),
(250, '120', '', 0, ''),
(251, '150', '', 0, ''),
(252, '180', '', 0, ''),
(253, '210', '', 0, ''),
(254, '294', '', 0, ''),
(255, '210', '', 0, ''),
(256, '45', '', 0, ''),
(257, '90', '', 0, ''),
(258, '135', '', 0, ''),
(259, '180', '', 0, ''),
(260, '225', '', 0, ''),
(261, '270', '', 0, ''),
(262, '315', '', 0, ''),
(263, '441', '', 0, ''),
(264, '20', '', 0, ''),
(265, '40', '', 0, ''),
(266, '60', '', 0, ''),
(267, '80', '', 0, ''),
(268, '100', '', 0, ''),
(269, '120', '', 0, ''),
(270, '35', '', 0, ''),
(271, '70', '', 0, ''),
(272, '105', '', 0, ''),
(273, '140', '', 0, ''),
(274, '175', '', 0, ''),
(275, '210', '', 0, ''),
(276, '245', '', 0, ''),
(277, '40', '', 0, ''),
(278, '80', '', 0, ''),
(279, '120', '', 0, ''),
(280, '160', '', 0, ''),
(281, '200', '', 0, ''),
(282, '240', '', 0, ''),
(283, '336', '', 0, ''),
(284, '25', '', 0, ''),
(285, '50', '', 0, ''),
(286, '75', '', 0, ''),
(287, '100', '', 0, ''),
(288, '125', '', 0, ''),
(289, '150', '', 0, ''),
(290, '210', '', 0, ''),
(291, '150', '', 0, ''),
(292, '125', '', 0, ''),
(293, '100', '', 0, ''),
(294, '75', '', 0, ''),
(295, '50', '', 0, ''),
(296, '25', '', 0, ''),
(297, '25', '', 0, ''),
(298, '25', '', 0, ''),
(299, '50', '', 0, ''),
(300, '75', '', 0, ''),
(301, '100', '', 0, ''),
(302, '125', '', 0, ''),
(303, '150', '', 0, ''),
(304, '175', '', 0, ''),
(305, '150', '', 0, ''),
(306, '125', '', 0, ''),
(307, '100', '', 0, ''),
(308, '75', '', 0, ''),
(309, '175', '', 0, ''),
(310, '200', '', 0, ''),
(311, '1500', '', 0, ''),
(312, '1500', '', 0, ''),
(313, '392', '', 0, ''),
(314, '448', '', 0, ''),
(315, '210', '', 0, ''),
(316, '150', '', 0, ''),
(317, '10', '', 0, ''),
(318, '20', '', 0, ''),
(319, '30', '', 0, ''),
(320, '40', '', 0, ''),
(321, '50', '', 0, ''),
(322, '60', '', 0, ''),
(323, '70', '', 0, ''),
(324, '98', '', 0, ''),
(325, '70', '', 0, ''),
(326, '98', '', 0, ''),
(327, '600', '', 0, ''),
(328, '1200', '', 0, ''),
(329, '1800', '', 0, ''),
(330, '2400', '', 0, ''),
(331, '3000', '', 0, ''),
(332, '200', '', 0, ''),
(333, '400', '', 0, ''),
(334, '600', '', 0, ''),
(335, '800', '', 0, ''),
(336, '1600', '', 0, ''),
(337, '2000', '', 0, ''),
(338, '2000', '', 0, ''),
(339, '4000', '', 0, ''),
(340, '2000', '', 0, ''),
(341, '4000', '', 0, ''),
(342, '800', '', 0, ''),
(343, '800', '', 0, ''),
(344, '800', '', 0, ''),
(345, '800', '', 0, ''),
(346, '800', '', 0, ''),
(347, '800', '', 0, ''),
(348, '800', '', 0, ''),
(349, '800', '', 0, ''),
(350, '1600', '', 0, ''),
(351, '1600', '', 0, ''),
(352, '1600', '', 0, ''),
(353, '1600', '', 0, ''),
(354, '1600', '', 0, ''),
(355, '1600', '', 0, ''),
(356, '1600', '', 0, ''),
(357, '1600', '', 0, ''),
(358, '1600', '', 0, ''),
(359, '1600', '', 0, ''),
(360, '1600', '', 0, ''),
(361, '1600', '', 0, ''),
(362, '1600', '', 0, ''),
(363, '1600', '', 0, ''),
(364, '1600', '', 0, ''),
(365, '1600', '', 0, ''),
(366, '1600', '', 0, ''),
(367, '1600', '', 0, ''),
(368, '1600', '', 0, ''),
(369, '1600', '', 0, ''),
(370, '1600', '', 0, ''),
(371, '1600', '', 0, ''),
(372, '2400', '', 0, ''),
(373, '2400', '', 0, ''),
(374, '2400', '', 0, ''),
(375, '2400', '', 0, ''),
(376, '2400', '', 0, ''),
(377, '2400', '', 0, ''),
(378, '2400', '', 0, ''),
(379, '2400', '', 0, ''),
(380, '2400', '', 0, ''),
(381, '2400', '', 0, ''),
(382, '2400', '', 0, ''),
(383, '2400', '', 0, ''),
(384, '2400', '', 0, ''),
(385, '2400', '', 0, ''),
(386, '2400', '', 0, ''),
(387, '2400', '', 0, ''),
(388, '2400', '', 0, ''),
(389, '2400', '', 0, ''),
(390, '3200', '', 0, ''),
(391, '3200', '', 0, ''),
(392, '3200', '', 0, ''),
(393, '3200', '', 0, ''),
(394, '3200', '', 0, ''),
(395, '3200', '', 0, ''),
(396, '3200', '', 0, ''),
(397, '3200', '', 0, ''),
(398, '3200', '', 0, ''),
(399, '3200', '', 0, ''),
(400, '4000', '', 0, ''),
(401, '4000', '', 0, ''),
(402, '4000', '', 0, ''),
(403, '4000', '', 0, ''),
(404, '4000', '', 0, ''),
(405, '4000', '', 0, ''),
(406, '4000', '', 0, ''),
(407, '4000', '', 0, ''),
(408, '4800', '', 0, ''),
(409, '4800', '', 0, ''),
(410, '4800', '', 0, ''),
(411, '4800', '', 0, ''),
(412, '4800', '', 0, ''),
(413, '4800', '', 0, ''),
(414, '4800', '', 0, ''),
(415, '4800', '', 0, ''),
(416, '4800', '', 0, ''),
(417, '4800', '', 0, ''),
(418, '5600', '', 0, ''),
(419, '5600', '', 0, ''),
(420, '5600', '', 0, ''),
(421, '5600', '', 0, ''),
(422, '5600', '', 0, ''),
(423, '5600', '', 0, ''),
(424, '5600', '', 0, ''),
(425, '5600', '', 0, ''),
(426, '5600', '', 0, ''),
(427, '5600', '', 0, ''),
(428, '6400', '', 0, ''),
(429, '6400', '', 0, ''),
(430, '6400', '', 0, ''),
(431, '6400', '', 0, ''),
(432, '6400', '', 0, ''),
(433, '6400', '', 0, ''),
(434, '6400', '', 0, ''),
(435, '6400', '', 0, ''),
(436, '6400', '', 0, ''),
(437, '6400', '', 0, ''),
(438, '6400', '', 0, ''),
(439, '3600', '', 0, ''),
(440, '4200', '', 0, ''),
(441, '4800', '', 0, ''),
(442, '5400', '', 0, ''),
(443, '6000', '', 0, ''),
(444, '6600', '', 0, ''),
(445, '2178750', '', 0, ''),
(446, '2178750', '', 0, ''),
(447, '2157225', '', 0, ''),
(448, '2157050', '', 0, ''),
(449, '2154600', '', 0, ''),
(450, '2154600', '', 0, ''),
(451, '175', '', 0, ''),
(452, '21525', '', 0, ''),
(453, '0', '', 0, ''),
(454, '10000', '', 0, ''),
(455, '10000', '', 0, ''),
(456, '10000', '', 0, ''),
(457, '11300', '', 0, ''),
(458, '10000', '', 0, ''),
(459, '11400', '', 0, ''),
(460, '10000', '', 0, ''),
(461, '1241200', '', 0, ''),
(462, '10000', '', 0, ''),
(463, '11200', '', 0, ''),
(464, '10000', '', 0, ''),
(465, '1000', '', 0, ''),
(466, '2000', '', 0, ''),
(467, '3000', '', 0, ''),
(468, '4000', '', 0, ''),
(469, '5000', '', 0, ''),
(470, '6000', '', 0, ''),
(471, '7000', '', 0, ''),
(472, '8000', '', 0, ''),
(473, '5000', '', 0, ''),
(474, '5000', '', 0, ''),
(475, '9000', '', 0, ''),
(476, '9000', '', 0, ''),
(477, '9000', '', 0, ''),
(478, '9000', '', 0, ''),
(479, '9000', '', 0, ''),
(480, '9000', '', 0, ''),
(481, '10000', '', 0, ''),
(482, '11000', '', 0, ''),
(483, '12000', '', 0, ''),
(484, '13000', '', 0, ''),
(485, '14000', '', 0, ''),
(486, '15000', '', 0, ''),
(487, '16000', '', 0, ''),
(488, '3.36', '', 0, ''),
(489, '6.05', '', 0, ''),
(490, '3.36', '', 0, ''),
(491, '3.12', '', 0, ''),
(492, '2.88', '', 0, ''),
(493, '7', '', 0, ''),
(494, '868', '', 0, ''),
(495, '868', '', 0, ''),
(496, '806', '', 0, ''),
(497, '744', '', 0, ''),
(498, '1339.2', '', 0, ''),
(499, '744', '', 0, ''),
(500, '828', '', 0, ''),
(501, '74700', '', 0, ''),
(502, '828', '', 0, ''),
(503, '744', '', 0, ''),
(504, '744', '', 0, ''),
(505, '6', '', 0, ''),
(506, '7', '', 0, ''),
(507, '861', '', 0, ''),
(508, '0', '', 0, ''),
(509, '98', '', 0, ''),
(510, '86184', '', 0, ''),
(511, '80028', '', 0, ''),
(512, '4.9', '', 0, ''),
(513, '6.72', '1.68', 0, ''),
(514, '84', '84', 0, ''),
(515, '168', '84', 0, ''),
(516, '252', '84', 0, ''),
(517, '6.72', '1.68', 0, ''),
(518, '12.1', '3.03', 0, ''),
(519, '6.72', '1.68', 0, ''),
(520, '12.1', '3.03', 0, ''),
(521, '6.72', '1.68', 0, ''),
(522, '12.1', '3.03', 0, ''),
(523, '6.72', '1.68', 0, ''),
(524, '12.1', '3.03', 0, ''),
(525, '6.72', '1.68', 0, ''),
(526, '12.1', '3.03', 0, ''),
(527, '9.07', '3.02', 0, ''),
(528, '5.04', '1.68', 0, ''),
(529, '3.02', '3.02', 0, ''),
(530, '6.05', '3.03', 0, ''),
(531, '9.07', '3.02', 0, ''),
(532, '5.04', '1.68', 0, ''),
(533, '9.07', '3.02', 0, ''),
(534, '5.04', '1', 0, ''),
(535, '9.07', '1', 0, ''),
(536, '5.04', '1', 0, ''),
(537, '9.07', '1', 0, ''),
(538, '5.04', '1', 0, ''),
(539, '9.07', '1', 0, ''),
(540, '5.04', '12', 0, ''),
(541, '9.07', '12', 0, ''),
(542, '5.04', '12', 0, ''),
(543, '9.07', '12', 0, ''),
(544, '5.04', '12', 0, ''),
(545, '9.07', '12', 0, ''),
(546, '5.04', '12', 0, ''),
(547, '9.07', '12', 0, ''),
(548, '5.04', '12', 0, ''),
(549, '9.07', '12', 0, ''),
(550, '5.04', '12', 0, ''),
(551, '624.96', '1488', 0, ''),
(552, '5.04', '12', 0, ''),
(553, '5.04', '1', 0, ''),
(554, '9.07', '1', 0, ''),
(555, '5.04', '1', 0, ''),
(556, '624.96', '123', 0, ''),
(557, '619.92', '123', 0, ''),
(558, '1115.86', '123', 0, ''),
(559, '619.92', '123', 0, ''),
(560, '5.04', '1', 0, ''),
(561, '619.92', '123', 0, ''),
(562, '504', '100', 0, ''),
(563, '7', '1', 0, ''),
(564, '12.6', '1', 0, ''),
(565, '7', '1', 0, ''),
(566, '12.6', '1', 0, ''),
(567, '7', '1', 0, ''),
(568, '12.6', '10', 0, ''),
(569, '7', '10', 0, ''),
(570, '6.5', '10', 0, ''),
(571, '7', '10', 0, ''),
(572, '12.6', '10', 0, ''),
(573, '7', '10', 0, ''),
(574, '12.6', '10', 0, ''),
(575, '7', '10', 0, ''),
(576, '12.6', '10', 0, ''),
(577, '7', '10', 0, ''),
(578, '14', '100', 0, ''),
(579, '0.14', '1', 0, ''),
(580, '14', '100', 0, ''),
(581, '0', '0', 0, ''),
(582, '1.82', '13', 0, ''),
(583, '23.4', '13', 0, ''),
(584, '13', '13', 0, ''),
(585, '23.4', '13', 0, ''),
(586, '13', '13', 0, ''),
(587, '26', '13', 0, ''),
(588, '26', '13', 0, ''),
(589, '46.8', '13', 0, ''),
(590, '26', '13', 0, ''),
(591, '13', '13', 0, ''),
(592, '1.56', '13', 0, ''),
(593, '2.81', '13', 0, ''),
(594, '1.56', '13', 0, ''),
(595, '2.81', '13', 0, ''),
(596, '23.4', '13', 0, ''),
(597, '46.8', '13', 0, ''),
(598, '26', '13', 0, ''),
(599, '46.8', '13', 0, ''),
(600, '26', '13', 0, ''),
(601, '24.44', '13', 0, ''),
(602, '13', '13', 0, ''),
(603, '23.4', '13', 0, ''),
(604, '13', '13', 0, ''),
(605, '23.4', '13', 0, ''),
(606, '13', '13', 0, ''),
(607, '72', '72', 0, '0'),
(608, '144', '72', 0, '0'),
(609, '216', '72', 0, '0'),
(610, '288', '72', 0, '0'),
(611, '360', '72', 0, '0'),
(612, '648', '72', 0, '0'),
(613, '360', '72', 0, '0'),
(614, '648', '72', 0, '0'),
(615, '14', '14', 0, '0'),
(616, '28', '14', 0, '0'),
(617, '42', '14', 0, '0'),
(618, '56', '14', 0, '0'),
(619, '70', '14', 0, '0'),
(620, '84', '14', 0, '0'),
(621, '151.2', '14', 0, '0'),
(622, '84', '14', 0, '0'),
(623, '151.2', '14', 0, '0'),
(624, '84', '14', 0, '0'),
(625, '14', '14', 0, '0'),
(626, '28', '14', 0, '0'),
(627, '42', '14', 0, '0'),
(628, '56', '14', 0, '0'),
(629, '70', '14', 0, '0'),
(630, '35', '14', 0, '50'),
(631, '70', '14', 0, '0'),
(632, '35', '14', 0, '50'),
(633, '700', '700', 14, '0'),
(634, '1400', '700', 14, '0'),
(635, '2100', '700', 14, '0'),
(636, '2800', '700', 14, '0'),
(637, '3500', '700', 14, '0'),
(638, '4200', '700', 14, '0'),
(639, '4900', '700', 14, '0'),
(640, '2450', '700', 13, '50'),
(641, '1100', '1100', 14, '0'),
(642, '2200', '1100', 14, '0'),
(643, '3300', '1100', 14, '0'),
(644, '4400', '1100', 14, '0'),
(645, '5500', '1100', 14, '0'),
(646, '6600', '1100', 14, '0'),
(647, '11880', '1100', 14, '0'),
(648, '1980', '1100', 14, '0'),
(649, '3960', '1100', 14, '0'),
(650, '5940', '1100', 14, '0'),
(651, '7920', '1100', 14, '0'),
(652, '9900', '1100', 14, '0'),
(653, '11880', '1100', 14, '0'),
(654, '13860', '1100', 14, '0'),
(655, '15840', '1100', 14, '0'),
(656, '7920', '1100', 13, '50'),
(657, '4400', '1100', 13, '50'),
(658, '7920', '1100', 13, '50'),
(659, '4400', '1100', 13, '50'),
(660, '7920', '1100', 13, '50'),
(661, '7920', '1100', 13, '50'),
(662, '7920', '1100', 13, '50'),
(663, '8640', '1200', 13, '50'),
(664, '8640', '1200', 13, '50'),
(665, '8640', '1200', 13, '50'),
(666, '8640', '1200', 13, '50'),
(667, '8640', '1200', 13, '50'),
(668, '8640', '1200', 13, '50'),
(669, '8640', '1200', 13, '50'),
(670, '8640', '1200', 13, '50'),
(671, '9360', '1300', 13, '50'),
(672, '9360', '1300', 13, '50'),
(673, '9360', '1300', 13, '50'),
(674, '9360', '1300', 13, '50'),
(675, '9360', '1300', 13, '50'),
(676, '9360', '1300', 13, '50'),
(677, '9360', '1300', 13, '50'),
(678, '9360', '1300', 13, '50'),
(679, '10080', '1400', 13, '50'),
(680, '10080', '1400', 13, '50'),
(681, '10080', '1400', 13, '50'),
(682, '10080', '1400', 13, '50'),
(683, '10080', '1400', 13, '50'),
(684, '10080', '1400', 13, '50'),
(685, '10080', '1400', 13, '50'),
(686, '10080', '1400', 13, '50'),
(687, '10800', '1500', 13, '50'),
(688, '10800', '1500', 13, '50'),
(689, '10800', '1500', 13, '50'),
(690, '10800', '1500', 13, '50'),
(691, '10800', '1500', 13, '50'),
(692, '10800', '1500', 13, '50'),
(693, '10800', '1500', 13, '50'),
(694, '10800', '1500', 13, '50'),
(695, '11520', '1600', 13, '50'),
(696, '11520', '1600', 13, '50'),
(697, '11520', '1600', 13, '50'),
(698, '11520', '1600', 13, '50'),
(699, '11520', '1600', 13, '50'),
(700, '11520', '1600', 13, '50'),
(701, '11520', '1600', 13, '50'),
(702, '11520', '1600', 13, '50'),
(703, '12240', '1700', 13, '50'),
(704, '12240', '1700', 13, '50'),
(705, '12240', '1700', 13, '50'),
(706, '12240', '1700', 13, '50'),
(707, '12240', '1700', 13, '50'),
(708, '12240', '1700', 13, '50'),
(709, '12240', '1700', 13, '50'),
(710, '12240', '1700', 13, '50'),
(711, '12960', '1800', 13, '50'),
(712, '12960', '1800', 13, '50'),
(713, '12960', '1800', 13, '50'),
(714, '12960', '1800', 13, '50'),
(715, '12960', '1800', 13, '50'),
(716, '12960', '1800', 13, '50'),
(717, '12960', '1800', 13, '50'),
(718, '7920', '1100', 13, '50'),
(719, '7920', '1100', 13, '50'),
(720, '8640', '1200', 13, '50'),
(721, '8640', '1200', 13, '50'),
(722, '8640', '1200', 13, '50'),
(723, '8640', '1200', 13, '50'),
(724, '8640', '1200', 13, '50'),
(725, '8640', '1200', 13, '50'),
(726, '8640', '1200', 13, '50'),
(727, '8640', '1200', 13, '50'),
(728, '8640', '1200', 13, '50'),
(729, '8640', '1200', 13, '50'),
(730, '8640', '1200', 13, '50'),
(731, '8640', '1200', 13, '50'),
(732, '8640', '1200', 13, '50'),
(733, '8640', '1200', 13, '50'),
(734, '8640', '1200', 13, '50'),
(735, '8640', '1200', 13, '50'),
(736, '8640', '1200', 13, '50'),
(737, '8640', '1200', 13, '50'),
(738, '8640', '1200', 13, '50'),
(739, '8640', '1200', 13, '50'),
(740, '8640', '1200', 13, '50'),
(741, '0', '0', 13, '50'),
(742, '1123.2', '156', 13, '50'),
(743, '2246.4', '156', 14, '0'),
(744, '7920', '1100', 13, '50'),
(745, '7920', '1100', 13, '50'),
(746, '8640', '1200', 13, '50'),
(747, '8640', '1200', 13, '50'),
(748, '8640', '1200', 13, '50'),
(749, '8640', '1200', 13, '50'),
(750, '8640', '1200', 13, '50'),
(751, '8640', '1200', 13, '50'),
(752, '8640', '1200', 13, '50'),
(753, '8640', '1200', 13, '50'),
(754, '8640', '1200', 13, '50'),
(755, '8640', '1200', 13, '50'),
(756, '8640', '1200', 13, '50'),
(757, '8640', '1200', 13, '50'),
(758, '8640', '1200', 13, '50'),
(759, '8640', '1200', 13, '50'),
(760, '8640', '1200', 13, '50'),
(761, '8640', '1200', 13, '50'),
(762, '8640', '1200', 13, '50'),
(763, '8640', '1200', 13, '50'),
(764, '9360', '1300', 13, '50'),
(765, '9360', '1300', 13, '50'),
(766, '9360', '1300', 13, '50'),
(767, '9360', '1300', 13, '50'),
(768, '9360', '1300', 13, '50'),
(769, '9360', '1300', 13, '50'),
(770, '9360', '1300', 13, '50'),
(771, '9360', '1300', 13, '50'),
(772, '9360', '1300', 13, '50'),
(773, '9360', '1300', 13, '50'),
(774, '9360', '1300', 13, '50'),
(775, '9360', '1300', 13, '50'),
(776, '9360', '1300', 13, '50'),
(777, '9360', '1300', 13, '50'),
(778, '9360', '1300', 13, '50'),
(779, '1310.4', '182', 13, '50'),
(780, '728', '182', 13, '50'),
(781, '1310.4', '182', 13, '50'),
(782, '1152403.2', '160056', 13, '50'),
(783, '64.8', '12', 14, '0'),
(784, '64.8', '12', 14, '0'),
(785, '5.4', '1', 14, '0'),
(786, '5.4', '1', 14, '0'),
(787, '2.7', '1', 13, '50'),
(788, '5.4', '1', 14, '0'),
(789, '42', '14', 14, '0'),
(790, '5.4', '1', 14, '0'),
(791, '640317.6', '160069', 13, '50'),
(792, '1152403.2', '160056', 13, '50'),
(793, '496', '496', 14, '0'),
(794, '992', '496', 14, '0'),
(795, '1488', '496', 14, '0'),
(796, '1984', '496', 14, '0'),
(797, '1984', '496', 14, '0'),
(798, '1984', '496', 14, '0'),
(799, '1984', '496', 14, '0'),
(800, '1984', '496', 14, '0'),
(801, '16', '4', 14, '0'),
(802, '1984', '496', 14, '0'),
(803, '1968', '492', 14, '0'),
(804, '0', '0', 14, '0'),
(805, '196992', '49248', 14, '0'),
(806, '197216', '49304', 14, '0'),
(807, '0', '0', 14, '0'),
(808, '0', '0', 14, '0'),
(809, '0', '0', 14, '0'),
(810, '0', '0', 14, '0'),
(811, '468', '117', 14, '0'),
(812, '432', '108', 14, '0'),
(813, '432', '108', 14, '0'),
(814, '432', '108', 14, '0'),
(815, '432', '108', 14, '0'),
(816, '480', '120', 14, '0'),
(817, '480', '120', 14, '0'),
(818, '480', '120', 14, '0'),
(819, '480', '120', 14, '0'),
(820, '480', '120', 14, '0'),
(821, '480', '120', 14, '0'),
(822, '480', '120', 14, '0'),
(823, '480', '120', 14, '0'),
(824, '480', '120', 14, '0'),
(825, '480', '120', 14, '0'),
(826, '480', '120', 14, '0'),
(827, '480', '120', 14, '0'),
(828, '480', '120', 14, '0'),
(829, '480', '120', 14, '0'),
(830, '480', '120', 14, '0'),
(831, '480', '120', 14, '0'),
(832, '480', '120', 14, '0'),
(833, '480', '120', 14, '0'),
(834, '480', '120', 14, '0'),
(835, '480', '120', 14, '0'),
(836, '480', '120', 14, '0'),
(837, '480', '120', 14, '0'),
(838, '480', '120', 14, '0'),
(839, '480', '120', 14, '0'),
(840, '480', '120', 14, '0'),
(841, '480', '120', 14, '0'),
(842, '480', '120', 14, '0'),
(843, '480', '120', 14, '0'),
(844, '480', '120', 14, '0'),
(845, '480', '120', 14, '0'),
(846, '480', '120', 14, '0'),
(847, '432', '108', 14, '0'),
(848, '432', '108', 14, '0'),
(849, '432', '108', 14, '0'),
(850, '0', '0', 14, '0'),
(851, '0', '0', 14, '0'),
(852, '0', '0', 14, '0'),
(853, '0', '0', 14, '0'),
(854, '0', '0', 14, '0'),
(855, '0', '0', 14, '0'),
(856, '0', '0', 14, '0'),
(857, '0', '0', 14, '0'),
(858, '0', '0', 14, '0'),
(859, '0', '0', 14, '0'),
(860, '0', '0', 14, '0'),
(861, '0', '0', 14, '0'),
(862, '0', '0', 14, '0'),
(863, '3600', '600', 14, '0'),
(864, '0', '0', 14, '0'),
(865, '432', '72', 14, '0'),
(866, '72', '72', 14, '0'),
(867, '144', '72', 14, '0'),
(868, '216', '72', 14, '0'),
(869, '288', '72', 14, '0'),
(870, '360', '72', 14, '0'),
(871, '432', '72', 14, '0'),
(872, '432', '72', 14, '0'),
(873, '432', '72', 14, '0'),
(874, '432', '72', 14, '0'),
(875, '432', '72', 14, '0'),
(876, '432', '72', 14, '0'),
(877, '432', '72', 14, '0'),
(878, '432', '72', 14, '0'),
(879, '200', '200', 14, '0'),
(880, '400', '200', 14, '0'),
(881, '600', '200', 14, '0'),
(882, '800', '200', 14, '0'),
(883, '1200', '300', 14, '0'),
(884, '1200', '300', 14, '0'),
(885, '1200', '300', 14, '0'),
(886, '1200', '300', 14, '0'),
(887, '1200', '300', 14, '0'),
(888, '1200', '300', 14, '0'),
(889, '1200', '300', 14, '0'),
(890, '1200', '300', 14, '0'),
(891, '1200', '300', 14, '0'),
(892, '1200', '300', 14, '0'),
(893, '1200', '300', 14, '0'),
(894, '1200', '300', 14, '0'),
(895, '1200', '300', 14, '0'),
(896, '1200', '300', 14, '0'),
(897, '1200', '300', 14, '0'),
(898, '1200', '300', 14, '0'),
(899, '1200', '300', 14, '0'),
(900, '1200', '300', 14, '0'),
(901, '1200', '300', 14, '0'),
(902, '1200', '300', 14, '0'),
(903, '1600', '400', 14, '0'),
(904, '1600', '400', 14, '0'),
(905, '1600', '400', 14, '0'),
(906, '0', '0', 14, '0'),
(907, '0', '0', 14, '0'),
(908, '0', '0', 14, '0'),
(909, '0', '0', 14, '0'),
(910, '56', '14', 14, '0'),
(911, '0', '0', 14, '0'),
(912, '56', '14', 14, '0'),
(913, '56', '14', 14, '0'),
(914, '18', '18', 14, '0'),
(915, '36', '18', 14, '0'),
(916, '54', '18', 14, '0'),
(917, '72', '18', 14, '0'),
(918, '90', '18', 14, '0'),
(919, '108', '18', 14, '0'),
(920, '126', '18', 14, '0'),
(921, '144', '18', 14, '0'),
(922, '162', '18', 14, '0'),
(923, '180', '18', 14, '0'),
(924, '198', '18', 14, '0'),
(925, '216', '18', 14, '0'),
(926, '234', '18', 14, '0'),
(927, '252', '18', 14, '0'),
(928, '270', '18', 14, '0'),
(929, '288', '18', 14, '0'),
(930, '306', '18', 14, '0'),
(931, '306', '18', 14, '0'),
(932, '306', '18', 14, '0'),
(933, '306', '18', 14, '0'),
(934, '306', '18', 14, '0'),
(935, '306', '18', 14, '0'),
(936, '306', '18', 14, '0'),
(937, '357', '21', 14, '0'),
(938, '357', '21', 14, '0'),
(939, '357', '21', 14, '0'),
(940, '357', '21', 14, '0'),
(941, '357', '21', 14, '0'),
(942, '357', '21', 14, '0'),
(943, '357', '21', 14, '0'),
(944, '357', '21', 14, '0'),
(945, '357', '21', 14, '0'),
(946, '357', '21', 14, '0'),
(947, '357', '21', 14, '0'),
(948, '357', '21', 14, '0'),
(949, '357', '21', 14, '0'),
(950, '357', '21', 14, '0'),
(951, '357', '21', 14, '0'),
(952, '357', '21', 14, '0'),
(953, '357', '21', 14, '0'),
(954, '357', '21', 14, '0'),
(955, '357', '21', 14, '0'),
(956, '357', '21', 14, '0'),
(957, '357', '21', 14, '0'),
(958, '357', '21', 14, '0'),
(959, '357', '21', 14, '0'),
(960, '357', '21', 14, '0'),
(961, '408', '24', 14, '0'),
(962, '408', '24', 14, '0'),
(963, '408', '24', 14, '0'),
(964, '408', '24', 14, '0'),
(965, '408', '24', 14, '0'),
(966, '408', '24', 14, '0'),
(967, '408', '24', 14, '0'),
(968, '408', '24', 14, '0'),
(969, '408', '24', 14, '0'),
(970, '408', '24', 14, '0'),
(971, '408', '24', 14, '0'),
(972, '408', '24', 14, '0'),
(973, '408', '24', 14, '0'),
(974, '408', '24', 14, '0'),
(975, '408', '24', 14, '0'),
(976, '459', '27', 14, '0'),
(977, '459', '27', 14, '0'),
(978, '459', '27', 14, '0'),
(979, '459', '27', 14, '0'),
(980, '459', '27', 14, '0'),
(981, '459', '27', 14, '0'),
(982, '459', '27', 14, '0'),
(983, '459', '27', 14, '0'),
(984, '459', '27', 14, '0'),
(985, '459', '27', 14, '0'),
(986, '459', '27', 14, '0'),
(987, '459', '27', 14, '0'),
(988, '459', '27', 14, '0'),
(989, '459', '27', 14, '0'),
(990, '459', '27', 14, '0'),
(991, '459', '27', 14, '0'),
(992, '459', '27', 14, '0'),
(993, '459', '27', 14, '0'),
(994, '459', '27', 14, '0'),
(995, '459', '27', 14, '0'),
(996, '459', '27', 14, '0'),
(997, '510', '30', 14, '0'),
(998, '510', '30', 14, '0'),
(999, '510', '30', 14, '0'),
(1000, '510', '30', 14, '0'),
(1001, '510', '30', 14, '0'),
(1002, '510', '30', 14, '0'),
(1003, '510', '30', 14, '0'),
(1004, '510', '30', 14, '0'),
(1005, '510', '30', 14, '0'),
(1006, '510', '30', 14, '0'),
(1007, '510', '30', 14, '0'),
(1008, '510', '30', 14, '0'),
(1009, '561', '33', 14, '0'),
(1010, '561', '33', 14, '0'),
(1011, '561', '33', 14, '0'),
(1012, '561', '33', 14, '0'),
(1013, '561', '33', 14, '0'),
(1014, '561', '33', 14, '0'),
(1015, '561', '33', 14, '0'),
(1016, '561', '33', 14, '0'),
(1017, '561', '33', 14, '0'),
(1018, '561', '33', 14, '0'),
(1019, '561', '33', 14, '0'),
(1020, '561', '33', 14, '0'),
(1021, '561', '33', 14, '0'),
(1022, '561', '33', 14, '0'),
(1023, '612', '36', 14, '0'),
(1024, '612', '36', 14, '0'),
(1025, '612', '36', 14, '0'),
(1026, '612', '36', 14, '0'),
(1027, '612', '36', 14, '0'),
(1028, '612', '36', 14, '0'),
(1029, '612', '36', 14, '0'),
(1030, '612', '36', 14, '0'),
(1031, '612', '36', 14, '0'),
(1032, '612', '36', 14, '0'),
(1033, '612', '36', 14, '0'),
(1034, '612', '36', 14, '0'),
(1035, '612', '36', 14, '0'),
(1036, '612', '36', 14, '0'),
(1037, '612', '36', 14, '0'),
(1038, '612', '36', 14, '0'),
(1039, '612', '36', 14, '0'),
(1040, '612', '36', 14, '0'),
(1041, '612', '36', 14, '0'),
(1042, '612', '36', 14, '0'),
(1043, '612', '36', 14, '0'),
(1044, '612', '36', 14, '0'),
(1045, '663', '39', 14, '0'),
(1046, '663', '39', 14, '0'),
(1047, '663', '39', 14, '0'),
(1048, '663', '39', 14, '0'),
(1049, '663', '39', 14, '0'),
(1050, '663', '39', 14, '0'),
(1051, '663', '39', 14, '0'),
(1052, '663', '39', 14, '0'),
(1053, '663', '39', 14, '0'),
(1054, '663', '39', 14, '0'),
(1055, '50', '10', 14, '0'),
(1056, '0', '0', 14, '0'),
(1057, '0', '0', 14, '0'),
(1058, '1000', '100', 14, '0'),
(1059, '1800', '100', 14, '0'),
(1060, '1080', '100', 14, '0'),
(1061, '1000', '100', 14, '0'),
(1062, '1080', '100', 14, '0'),
(1063, '70', '14', 14, '0'),
(1064, '84', '14', 14, '0'),
(1065, '98', '14', 14, '0'),
(1066, '50', '50', 0, ''),
(1067, '100', '50', 0, ''),
(1068, '150', '50', 0, ''),
(1069, '50', '50', 0, ''),
(1070, '50', '50', 14, '0'),
(1071, '100', '50', 14, '0'),
(1072, '150', '50', 14, '0'),
(1073, '159.5', '50', 14, '0'),
(1074, '150', '50', 14, '0'),
(1075, '50', '50', 14, '0'),
(1076, '100', '50', 14, '0'),
(1077, '150', '50', 14, '0'),
(1078, '100', '50', 14, '0'),
(1079, '50', '50', 14, '0'),
(1080, '50', '50', 14, '0'),
(1081, '50', '50', 14, '0'),
(1082, '100', '50', 14, '0'),
(1083, '150', '50', 14, '0'),
(1084, '136.5', '50', 12, '9,12'),
(1085, '150', '50', 14, '0'),
(1086, '1050', '1050', 14, '0'),
(1087, '2100', '1050', 14, '0'),
(1088, '3150', '1050', 14, '0'),
(1089, '2100', '1050', 14, '0'),
(1090, '1050', '1050', 14, '0'),
(1091, '1050', '1050', 14, '0'),
(1092, '1050', '1050', 14, '0'),
(1093, '2100', '1050', 14, '0'),
(1094, '1050', '1050', 14, '0'),
(1095, '840', '840', 14, '0'),
(1096, '840', '840', 14, '0'),
(1097, '840', '840', 14, '0'),
(1098, '840', '840', 14, '0'),
(1099, '840', '840', 14, '0'),
(1100, '840', '840', 14, '0'),
(1101, '840', '840', 14, '0'),
(1102, '840', '840', 14, '0'),
(1103, '840', '840', 14, '0'),
(1104, '840', '840', 14, '0'),
(1105, '840', '840', 14, '0'),
(1106, '840', '840', 14, '0'),
(1107, '840', '840', 14, '0'),
(1108, '840', '840', 14, '0'),
(1109, '630', '630', 14, '0'),
(1110, '630', '630', 14, '0'),
(1111, '420', '420', 14, '0'),
(1112, '420', '420', 14, '0'),
(1113, '420', '420', 14, '0'),
(1114, '420', '420', 14, '0'),
(1115, '420', '420', 14, '0'),
(1116, '382.2', '420', 12, '9,12'),
(1117, '764.4', '420', 12, '9,12'),
(1118, '1146.6', '420', 12, '9,12'),
(1119, '764.4', '420', 12, '9,12'),
(1120, '382.2', '420', 12, '9,12'),
(1121, '191.1', '210', 12, '9,12'),
(1122, '191.1', '210', 12, '9,12'),
(1123, '191.1', '210', 12, '9,12'),
(1124, '210', '210', 14, '0'),
(1125, '191.1', '210', 12, '9,52'),
(1126, '210', '210', 14, '0'),
(1127, '191.1', '210', 12, '9,52'),
(1128, '210', '210', 14, '0'),
(1129, '189', '210', 12, '10'),
(1130, '210', '210', 14, '0'),
(1131, '195.3', '210', 12, '7'),
(1132, '210', '210', 14, '0'),
(1133, '210', '210', 14, '0'),
(1134, '210', '210', 14, '0'),
(1135, '210', '210', 14, '0'),
(1136, '210', '210', 14, '0'),
(1137, '210', '210', 14, '0'),
(1138, '210', '210', 14, '0'),
(1139, '210', '210', 14, '0'),
(1140, '210', '210', 14, '0'),
(1141, '210', '210', 14, '0'),
(1142, '210', '210', 14, '0'),
(1143, '210', '210', 14, '0'),
(1144, '210', '210', 14, '0'),
(1145, '210', '210', 14, '0'),
(1146, '210', '210', 14, '0'),
(1147, '210', '210', 14, '0'),
(1148, '210', '210', 14, '0'),
(1149, '210', '210', 14, '0'),
(1150, '210', '210', 14, '0'),
(1151, '190.01', '210', 12, '9.52'),
(1152, '210', '210', 14, '0'),
(1153, '190', '210', 12, '9.523'),
(1154, '190', '210', 12, '9.523'),
(1155, '190', '210', 12, '9.523'),
(1156, '380', '420', 12, '9.523'),
(1157, '380', '420', 12, '9.523'),
(1158, '380', '420', 12, '9.523'),
(1159, '380', '420', 12, '9.523'),
(1160, '380', '420', 12, '9.523'),
(1161, '380', '420', 12, '9.523'),
(1162, '380', '420', 12, '9.523'),
(1163, '380', '420', 12, '9.523'),
(1164, '380', '420', 12, '9.523'),
(1165, '380', '420', 12, '9.523'),
(1166, '380', '420', 12, '9.523'),
(1167, '380', '420', 12, '9.523'),
(1168, '380', '420', 12, '9.523'),
(1169, '380', '420', 12, '9.523'),
(1170, '380', '420', 12, '9.523'),
(1171, '380', '420', 12, '9.523'),
(1172, '380', '420', 12, '9.523'),
(1173, '380', '420', 12, '9.523'),
(1174, '380', '420', 12, '9.523'),
(1175, '380', '420', 12, '9.523'),
(1176, '570.01', '630', 12, '9.523'),
(1177, '570.01', '630', 12, '9.523'),
(1178, '570.01', '630', 12, '9.523'),
(1179, '570.01', '630', 12, '9.523'),
(1180, '570.01', '630', 12, '9.523'),
(1181, '570.01', '630', 12, '9.523'),
(1182, '570.01', '630', 12, '9.523'),
(1183, '570.01', '630', 12, '9.523'),
(1184, '570.01', '630', 12, '9.523'),
(1185, '570.01', '630', 12, '9.523'),
(1186, '570.01', '630', 12, '9.523'),
(1187, '570.01', '630', 12, '9.523'),
(1188, '570.01', '630', 12, '9.523'),
(1189, '570.01', '630', 12, '9.523'),
(1190, '570.01', '630', 12, '9.523'),
(1191, '570.01', '630', 12, '9.523'),
(1192, '570.01', '630', 12, '9.523'),
(1193, '570.01', '630', 12, '9.523'),
(1194, '570.01', '630', 12, '9.523'),
(1195, '570.01', '630', 12, '9.523'),
(1196, '570.01', '630', 12, '9.523'),
(1197, '570.01', '630', 12, '9.523'),
(1198, '570.01', '630', 12, '9.523'),
(1199, '190', '210', 12, '9.523'),
(1200, '190', '210', 12, '9.523'),
(1201, '190', '210', 12, '9.523'),
(1202, '0', '210', 13, '100'),
(1203, '210', '210', 14, '0'),
(1204, '210', '210', 14, '0'),
(1205, '249.9', '210', 14, '0'),
(1206, '249.9', '210', 14, '0'),
(1207, '459.9', '210', 14, '0'),
(1208, '669.9', '210', 14, '0'),
(1209, '249.9987', '210', 14, '0'),
(1210, '226.19', '210', 12, '9.523'),
(1211, '249.9987', '210', 14, '0'),
(1212, '459.9987', '210', 14, '0'),
(1213, '669.9987', '210', 14, '0'),
(1214, '879.9987', '210', 14, '0'),
(1215, '796.2', '210', 12, '9.523'),
(1216, '210', '210', 14, '0'),
(1217, '420', '210', 14, '0'),
(1218, '630', '210', 14, '0'),
(1219, '840', '210', 14, '0'),
(1220, '1050', '210', 14, '0'),
(1221, '1260', '210', 14, '0'),
(1222, '1470', '210', 14, '0'),
(1223, '1680', '210', 14, '0'),
(1224, '1890', '210', 14, '0'),
(1225, '2100', '210', 14, '0'),
(1226, '1900.02', '210', 12, '9.523'),
(1227, '630', '630', 14, '0'),
(1228, '1260', '630', 14, '0'),
(1229, '1890', '630', 14, '0'),
(1230, '2520', '630', 14, '0'),
(1231, '3150', '630', 14, '0'),
(1232, '3780', '630', 14, '0'),
(1233, '4410', '630', 14, '0'),
(1234, '0', '630', 13, '100'),
(1235, '3990.04', '630', 12, '9.523'),
(1236, '0', '630', 13, '100'),
(1237, '210', '210', 14, '0'),
(1238, '249.9987', '210', 14, '0'),
(1239, '249.9987', '210', 14, '0'),
(1240, '459.9987', '210', 14, '0'),
(1241, '249.9987', '210', 14, '0'),
(1242, '249.9987', '210', 14, '0'),
(1243, '420', '210', 14, '0'),
(1244, '630', '630', 14, '0'),
(1245, '1260', '630', 14, '0'),
(1246, '1890', '630', 14, '0'),
(1247, '0', '630', 13, '100'),
(1248, '1710.02', '630', 12, '9.523'),
(1249, '1726.3', '636', 12, '9.523'),
(1250, '1710.02', '630', 12, '9.523'),
(1251, '1726.3', '636', 12, '9.523'),
(1252, '1710.02', '630', 12, '9.523'),
(1253, '1890', '630', 14, '0'),
(1254, '1050', '1050', 14, '0'),
(1255, '2100', '1050', 14, '0'),
(1256, '3150', '1050', 14, '0'),
(1257, '4200', '1050', 14, '0'),
(1258, '4200', '1050', 14, '0'),
(1259, '4200', '1050', 14, '0'),
(1260, '4200', '1050', 14, '0'),
(1261, '4200', '1050', 14, '0'),
(1262, '4200', '1050', 14, '0'),
(1263, '4200', '1050', 14, '0'),
(1264, '4200', '1050', 14, '0'),
(1265, '4200', '1050', 14, '0'),
(1266, '4200', '1050', 14, '0'),
(1267, '4200', '1050', 14, '0'),
(1268, '4200', '1050', 14, '0'),
(1269, '4200', '1050', 14, '0'),
(1270, '4200', '1050', 14, '0'),
(1271, '4200', '1050', 14, '0'),
(1272, '4200', '1050', 14, '0'),
(1273, '4200', '1050', 14, '0'),
(1274, '4200', '1050', 14, '0'),
(1275, '4200', '1050', 14, '0'),
(1276, '4200', '1050', 14, '0'),
(1277, '4200', '1050', 14, '0'),
(1278, '5600', '1400', 14, '0'),
(1279, '5600', '1400', 14, '0'),
(1280, '5600', '1400', 14, '0'),
(1281, '5600', '1400', 14, '0'),
(1282, '5600', '1400', 14, '0'),
(1283, '5600', '1400', 14, '0'),
(1284, '5600', '1400', 14, '0'),
(1285, '5600', '1400', 14, '0'),
(1286, '5600', '1400', 14, '0'),
(1287, '5600', '1400', 14, '0'),
(1288, '5600', '1400', 14, '0'),
(1289, '5600', '1400', 14, '0'),
(1290, '5600', '1400', 14, '0'),
(1291, '5600', '1400', 14, '0'),
(1292, '5600', '1400', 14, '0'),
(1293, '5600', '1400', 14, '0'),
(1294, '5600', '1400', 14, '0'),
(1295, '5600', '1400', 14, '0'),
(1296, '5600', '1400', 14, '0'),
(1297, '4200', '1050', 14, '0'),
(1298, '4200', '1050', 14, '0'),
(1299, '4200', '1050', 14, '0'),
(1300, '630', '630', 14, '0'),
(1301, '1260', '630', 14, '0'),
(1302, '630', '630', 14, '0'),
(1303, '1260', '630', 14, '0'),
(1304, '1890', '630', 14, '0'),
(1305, '1260', '630', 14, '0'),
(1306, '630', '630', 14, '0'),
(1307, '1260', '630', 14, '0'),
(1308, '1890', '630', 14, '0'),
(1309, '2520', '630', 14, '0'),
(1310, '3150', '630', 14, '0'),
(1311, '3780', '630', 14, '0'),
(1312, '4410', '630', 14, '0'),
(1313, '4410', '630', 14, '0'),
(1314, '4410', '630', 14, '0'),
(1315, '11760', '1680', 14, '0'),
(1316, '11760', '1680', 14, '0'),
(1317, '11760', '1680', 14, '0'),
(1318, '4410', '630', 14, '0'),
(1319, '416.19', '210', 12, '9.523'),
(1320, '416.19', '210', 12, '9.523'),
(1321, '416.19', '210', 12, '9.523'),
(1322, '416.19', '210', 12, '9.523'),
(1323, '416.19', '210', 12, '9.523'),
(1324, '416.19', '210', 12, '9.523'),
(1325, '606.19', '210', 12, '9.523'),
(1326, '669.9987', '210', 14, '0'),
(1327, '459.9987', '210', 14, '0'),
(1328, '249.9987', '210', 14, '0'),
(1329, '249.9987', '210', 14, '0'),
(1330, '249.9987', '210', 14, '0'),
(1331, '249.9987', '210', 14, '0'),
(1332, '210', '210', 14, '0'),
(1333, '210', '210', 14, '0'),
(1334, '210', '210', 14, '0'),
(1335, '210', '210', 14, '0'),
(1336, '210', '210', 14, '0'),
(1337, '210', '210', 14, '0'),
(1338, '210', '210', 14, '0'),
(1339, '210', '210', 14, '0'),
(1340, '210', '210', 14, '0'),
(1341, '210', '210', 14, '0'),
(1342, '210', '210', 14, '0'),
(1343, '420', '420', 14, '0'),
(1344, '420', '420', 14, '0'),
(1345, '420', '420', 14, '0'),
(1346, '420', '420', 14, '0'),
(1347, '420', '420', 14, '0'),
(1348, '420', '420', 14, '0'),
(1349, '420', '420', 14, '0'),
(1350, '420', '420', 14, '0'),
(1351, '420', '420', 14, '0'),
(1352, '380', '420', 12, '9.523'),
(1353, '5040', '1680', 14, '0'),
(1354, '5040', '1680', 14, '0'),
(1355, '1680', '1680', 14, '0'),
(1356, '3360', '1680', 14, '0'),
(1357, '5040', '1680', 14, '0'),
(1358, '6720', '1680', 14, '0'),
(1359, '8400', '1680', 14, '0'),
(1360, '2009.9961', '630', 14, '0'),
(1361, '749.9961', '630', 14, '0'),
(1362, '0', '630', 13, '100'),
(1363, '678.57', '630', 12, '9.523');

-- --------------------------------------------------------

--
-- Структура таблицы `channel`
--

CREATE TABLE IF NOT EXISTS `channel` (
  `id` int(5) NOT NULL AUTO_INCREMENT,
  `name` text NOT NULL,
  `date_create` timestamp NOT NULL DEFAULT CURRENT_TIMESTAMP,
  `who_add` int(3) NOT NULL,
  `who_edit` int(3) NOT NULL,
  `active` int(1) NOT NULL,
  `price` varchar(5) NOT NULL,
  PRIMARY KEY (`id`)
) ENGINE=InnoDB  DEFAULT CHARSET=utf8 COMMENT='Пункт приёма объявления' AUTO_INCREMENT=10 ;

--
-- Дамп данных таблицы `channel`
--

INSERT INTO `channel` (`id`, `name`, `date_create`, `who_add`, `who_edit`, `active`, `price`) VALUES
(1, 'ТНТ-Бегушка', '2015-04-15 04:53:20', 1, 1, 1, '210'),
(2, 'ТНТ-КомБлок', '2015-04-15 07:08:40', 1, 1, 1, '350'),
(3, 'Новый Город', '2015-04-22 03:49:55', 1, 1, 1, '0'),
(4, '4', '2015-04-22 03:55:36', 1, 1, 0, '4'),
(5, '5', '2015-04-22 11:12:50', 1, 1, 0, '5'),
(6, '6', '2015-04-22 11:12:54', 1, 1, 0, '6'),
(7, '7', '2015-04-22 11:12:58', 1, 1, 0, '7'),
(8, '8', '2015-04-22 11:13:34', 1, 1, 0, '8'),
(9, '9', '2015-04-22 11:13:39', 1, 1, 0, '9');

-- --------------------------------------------------------

--
-- Структура таблицы `channel_advert`
--

CREATE TABLE IF NOT EXISTS `channel_advert` (
  `id_advert` int(255) NOT NULL,
  `id_channel` int(255) NOT NULL,
  `uniq_id` int(255) NOT NULL AUTO_INCREMENT,
  PRIMARY KEY (`uniq_id`),
  UNIQUE KEY `uniq_id` (`uniq_id`)
) ENGINE=InnoDB  DEFAULT CHARSET=utf8 COMMENT='Каналы выходов объявлений' AUTO_INCREMENT=46 ;

--
-- Дамп данных таблицы `channel_advert`
--

INSERT INTO `channel_advert` (`id_advert`, `id_channel`, `uniq_id`) VALUES
(11, 2, 33),
(12, 3, 34),
(13, 1, 35),
(14, 1, 36),
(15, 1, 37),
(16, 1, 38),
(17, 1, 39),
(18, 1, 40),
(19, 2, 41),
(20, 1, 42),
(20, 3, 43),
(21, 1, 44),
(22, 1, 45);

-- --------------------------------------------------------

--
-- Структура таблицы `client`
--

CREATE TABLE IF NOT EXISTS `client` (
  `id_client` int(255) NOT NULL AUTO_INCREMENT,
  `date_create` timestamp NOT NULL DEFAULT CURRENT_TIMESTAMP ON UPDATE CURRENT_TIMESTAMP,
  `name` varchar(255) NOT NULL,
  `phone` varchar(255) NOT NULL,
  `who_add` int(255) NOT NULL,
  PRIMARY KEY (`id_client`),
  UNIQUE KEY `id_client` (`id_client`),
  KEY `name` (`name`,`who_add`)
) ENGINE=InnoDB  DEFAULT CHARSET=utf8 COMMENT='Таблица клиентов' AUTO_INCREMENT=22 ;

--
-- Дамп данных таблицы `client`
--

INSERT INTO `client` (`id_client`, `date_create`, `name`, `phone`, `who_add`) VALUES
(1, '2015-04-17 11:07:18', '123', '123', 0),
(2, '2015-04-17 11:07:24', '123', '123', 123),
(3, '2015-04-17 11:19:26', '123', '12365456', 1),
(4, '2015-04-17 11:54:13', 'asdasdasd', '123123123213', 1),
(5, '2015-04-17 11:57:46', 'asdfasdfasdfasdf', '1231234124', 1),
(6, '2015-04-17 11:58:59', 'sdfasdf', 'asdfasdf', 1),
(7, '2015-04-17 12:00:39', 'asdasdasd', 'sdfsdfsdf', 1),
(8, '2015-04-17 12:03:22', 'asdasdasd', 'asdasdasd', 1),
(9, '2015-04-17 12:26:45', 'Хусаинов Артур Амурович', '9678856663', 1),
(10, '2015-04-17 12:46:12', 'ффывфыфыв', 'фывфыфыв', 1),
(11, '2015-04-18 06:57:16', 'asdasdasdasd', '4534534345', 1),
(12, '2015-04-18 07:07:07', 'sadfsdf', '1123123123', 1),
(13, '2015-04-20 04:25:35', 'Сургутский страховой центр', '654654564', 1),
(14, '2015-04-23 12:30:04', 'sadfsdfsd', '324234324324', 1),
(15, '2015-04-24 05:03:59', 'Хусаинов Артур Амурович123', '9678856663123123', 1),
(16, '2015-04-30 08:21:14', 'Вася', '333333', 2),
(17, '2015-04-30 08:28:58', '555', '77-88-99', 2),
(18, '2015-04-30 08:33:39', '4566', '4455', 3),
(19, '2015-04-30 08:41:02', '5678', '5876', 1),
(20, '2015-04-30 11:52:41', 'Бисмарк', '4490', 3),
(21, '2015-05-05 10:25:52', 'Бобров', '44-23-23', 1);

-- --------------------------------------------------------

--
-- Структура таблицы `discount`
--

CREATE TABLE IF NOT EXISTS `discount` (
  `id` int(5) NOT NULL AUTO_INCREMENT,
  `name` text NOT NULL,
  `date_create` timestamp NOT NULL DEFAULT CURRENT_TIMESTAMP,
  `who_add` int(3) NOT NULL,
  `who_edit` int(3) NOT NULL,
  `active` int(1) NOT NULL,
  `percent` varchar(5) NOT NULL,
  PRIMARY KEY (`id`)
) ENGINE=InnoDB  DEFAULT CHARSET=utf8 COMMENT='Пункт приёма объявления' AUTO_INCREMENT=15 ;

--
-- Дамп данных таблицы `discount`
--

INSERT INTO `discount` (`id`, `name`, `date_create`, `who_add`, `who_edit`, `active`, `percent`) VALUES
(12, 'СИА-Пресс', '2015-04-22 12:40:44', 1, 1, 1, '9.523'),
(13, 'БЕСПЛ', '2015-04-22 12:41:14', 1, 1, 1, '100'),
(14, '0', '2015-04-22 13:21:06', 1, 0, 1, '0');

-- --------------------------------------------------------

--
-- Структура таблицы `item`
--

CREATE TABLE IF NOT EXISTS `item` (
  `id` int(5) NOT NULL AUTO_INCREMENT,
  `name` varchar(255) NOT NULL,
  `date_create` timestamp NOT NULL DEFAULT CURRENT_TIMESTAMP,
  `who_add` int(3) NOT NULL,
  `who_edit` int(3) NOT NULL,
  `active` int(1) NOT NULL,
  PRIMARY KEY (`id`)
) ENGINE=InnoDB  DEFAULT CHARSET=utf8 COMMENT='Пункт приёма объявления' AUTO_INCREMENT=5 ;

--
-- Дамп данных таблицы `item`
--

INSERT INTO `item` (`id`, `name`, `date_create`, `who_add`, `who_edit`, `active`) VALUES
(1, 'Экспресс', '2015-04-15 04:44:37', 1, 1, 1),
(2, 'СИА-Пресс', '2015-04-15 05:01:47', 1, 1, 1),
(3, 'Ростелеком (066)', '2015-04-15 07:08:18', 1, 1, 1),
(4, 'ООО Алгоритм', '2015-05-05 10:21:34', 1, 0, 1);

-- --------------------------------------------------------

--
-- Структура таблицы `log_bad_enter`
--

CREATE TABLE IF NOT EXISTS `log_bad_enter` (
  `id` bigint(255) NOT NULL AUTO_INCREMENT,
  `time` timestamp NOT NULL DEFAULT CURRENT_TIMESTAMP ON UPDATE CURRENT_TIMESTAMP,
  `ip` varchar(255) NOT NULL,
  `browser` varchar(1024) NOT NULL,
  `message` varchar(255) NOT NULL,
  PRIMARY KEY (`id`),
  KEY `login` (`message`)
) ENGINE=InnoDB  DEFAULT CHARSET=utf8 COMMENT='Логирование входа пользователей' AUTO_INCREMENT=10 ;

--
-- Дамп данных таблицы `log_bad_enter`
--

INSERT INTO `log_bad_enter` (`id`, `time`, `ip`, `browser`, `message`) VALUES
(1, '2015-04-14 09:52:45', '127.0.0.1', 'Mozilla/5.0 (X11; Ubuntu; Linux x86_64; rv:37.0) Gecko/20100101 Firefox/37.0', 'Неверный пароль aq1sw2de3'),
(2, '2015-04-22 10:25:17', '127.0.0.1', 'Mozilla/5.0 (X11; Linux x86_64) AppleWebKit/537.36 (KHTML, like Gecko) Chrome/42.0.2311.90 Safari/537.36', 'Неверный пароль Aq1sw2de3'),
(3, '2015-04-22 10:25:18', '127.0.0.1', 'Mozilla/5.0 (X11; Linux x86_64) AppleWebKit/537.36 (KHTML, like Gecko) Chrome/42.0.2311.90 Safari/537.36', 'Неверный пароль Aq1sw2de3'),
(4, '2015-04-22 10:25:23', '127.0.0.1', 'Mozilla/5.0 (X11; Linux x86_64) AppleWebKit/537.36 (KHTML, like Gecko) Chrome/42.0.2311.90 Safari/537.36', 'Неверный пароль Aq1sw2de3'),
(5, '2015-04-22 10:25:27', '127.0.0.1', 'Mozilla/5.0 (X11; Linux x86_64) AppleWebKit/537.36 (KHTML, like Gecko) Chrome/42.0.2311.90 Safari/537.36', 'Неверный пароль aq1sw2de3'),
(6, '2015-04-30 09:46:54', '10.250.243.1', 'Mozilla/5.0 (X11; Linux x86_64) AppleWebKit/537.36 (KHTML, like Gecko) Chrome/42.0.2311.135 Safari/537.36', 'Неверный пароль 123'),
(7, '2015-05-02 12:59:46', '217.118.83.247', 'Mozilla/5.0 (iPhone; CPU iPhone OS 8_3 like Mac OS X) AppleWebKit/600.1.4 (KHTML, like Gecko) Version/8.0 Mobile/12F70 Safari/600.1.4', 'Неверный пароль aq1sw2de3'),
(8, '2015-05-05 10:15:38', '79.98.89.52', 'Mozilla/5.0 (Windows NT 6.1; WOW64) AppleWebKit/537.36 (KHTML, like Gecko) Chrome/41.0.2272.118 Safari/537.36', 'Неверный пароль Aq1sw2de3'),
(9, '2015-05-07 06:52:08', '10.250.243.1', 'Mozilla/5.0 (X11; Linux x86_64) AppleWebKit/537.36 (KHTML, like Gecko) Chrome/42.0.2311.135 Safari/537.36', 'Неверный пароль 123');

-- --------------------------------------------------------

--
-- Структура таблицы `log_login`
--

CREATE TABLE IF NOT EXISTS `log_login` (
  `id` bigint(255) NOT NULL AUTO_INCREMENT,
  `time` timestamp NOT NULL DEFAULT CURRENT_TIMESTAMP ON UPDATE CURRENT_TIMESTAMP,
  `ip` varchar(255) NOT NULL,
  `browser` varchar(1024) NOT NULL,
  `login` int(255) NOT NULL,
  PRIMARY KEY (`id`),
  KEY `login` (`login`)
) ENGINE=InnoDB  DEFAULT CHARSET=utf8 COMMENT='Логирование входа пользователей' AUTO_INCREMENT=100 ;

--
-- Дамп данных таблицы `log_login`
--

INSERT INTO `log_login` (`id`, `time`, `ip`, `browser`, `login`) VALUES
(1, '2015-04-09 10:18:51', '127.0.0.1', 'Mozilla/5.0 (X11; Linux x86_64) AppleWebKit/537.36 (KHTML, like Gecko) Chrome/41.0.2272.118 Safari/537.36', 1),
(2, '2015-04-09 11:03:37', '127.0.0.1', 'Mozilla/5.0 (X11; Linux x86_64) AppleWebKit/537.36 (KHTML, like Gecko) Chrome/41.0.2272.118 Safari/537.36', 1),
(3, '2015-04-09 11:07:48', '127.0.0.1', 'Mozilla/5.0 (X11; Linux x86_64) AppleWebKit/537.36 (KHTML, like Gecko) Chrome/41.0.2272.118 Safari/537.36', 1),
(4, '2015-04-09 12:07:25', '127.0.0.1', 'Mozilla/5.0 (X11; Linux x86_64) AppleWebKit/537.36 (KHTML, like Gecko) Chrome/41.0.2272.118 Safari/537.36', 1),
(5, '2015-04-09 12:37:00', '127.0.0.1', 'Mozilla/5.0 (X11; Linux x86_64) AppleWebKit/537.36 (KHTML, like Gecko) Chrome/41.0.2272.118 Safari/537.36', 1),
(6, '2015-04-10 03:16:28', '127.0.0.1', 'Mozilla/5.0 (X11; Linux x86_64) AppleWebKit/537.36 (KHTML, like Gecko) Chrome/41.0.2272.118 Safari/537.36', 1),
(7, '2015-04-13 10:55:37', '127.0.0.1', 'Mozilla/5.0 (X11; Linux x86_64) AppleWebKit/537.36 (KHTML, like Gecko) Chrome/41.0.2272.118 Safari/537.36', 1),
(8, '2015-04-13 12:43:06', '127.0.0.1', 'Mozilla/5.0 (X11; Linux x86_64) AppleWebKit/537.36 (KHTML, like Gecko) Chrome/41.0.2272.118 Safari/537.36', 1),
(9, '2015-04-14 09:09:33', '127.0.0.1', 'Mozilla/5.0 (X11; Linux x86_64) AppleWebKit/537.36 (KHTML, like Gecko) Chrome/41.0.2272.118 Safari/537.36', 1),
(10, '2015-04-14 09:52:50', '127.0.0.1', 'Mozilla/5.0 (X11; Ubuntu; Linux x86_64; rv:37.0) Gecko/20100101 Firefox/37.0', 1),
(11, '2015-04-14 11:37:36', '127.0.0.1', 'Mozilla/5.0 (X11; Linux x86_64) AppleWebKit/537.36 (KHTML, like Gecko) Chrome/41.0.2272.118 Safari/537.36', 2),
(12, '2015-04-14 11:43:05', '127.0.0.1', 'Mozilla/5.0 (X11; Linux x86_64) AppleWebKit/537.36 (KHTML, like Gecko) Chrome/41.0.2272.118 Safari/537.36', 1),
(13, '2015-04-15 03:23:58', '127.0.0.1', 'Mozilla/5.0 (X11; Linux x86_64) AppleWebKit/537.36 (KHTML, like Gecko) Chrome/41.0.2272.118 Safari/537.36', 1),
(14, '2015-04-15 06:13:32', '127.0.0.1', 'Mozilla/5.0 (X11; Ubuntu; Linux x86_64; rv:37.0) Gecko/20100101 Firefox/37.0', 1),
(15, '2015-04-15 08:49:13', '127.0.0.1', 'Mozilla/5.0 (X11; Linux x86_64) AppleWebKit/537.36 (KHTML, like Gecko) Chrome/41.0.2272.118 Safari/537.36', 1),
(16, '2015-04-15 12:15:32', '127.0.0.1', 'Mozilla/5.0 (X11; Ubuntu; Linux x86_64; rv:37.0) Gecko/20100101 Firefox/37.0', 1),
(17, '2015-04-16 06:29:02', '127.0.0.1', 'Mozilla/5.0 (X11; Linux x86_64) AppleWebKit/537.36 (KHTML, like Gecko) Chrome/41.0.2272.118 Safari/537.36', 1),
(18, '2015-04-16 08:59:16', '127.0.0.1', 'Mozilla/5.0 (X11; Linux x86_64) AppleWebKit/537.36 (KHTML, like Gecko) Chrome/41.0.2272.118 Safari/537.36', 1),
(19, '2015-04-16 12:07:25', '127.0.0.1', 'Mozilla/5.0 (X11; Ubuntu; Linux x86_64; rv:37.0) Gecko/20100101 Firefox/37.0', 1),
(20, '2015-04-17 09:17:12', '127.0.0.1', 'Mozilla/5.0 (X11; Linux x86_64) AppleWebKit/537.36 (KHTML, like Gecko) Chrome/42.0.2311.90 Safari/537.36', 1),
(21, '2015-04-17 09:33:00', '127.0.0.1', 'Mozilla/5.0 (X11; Ubuntu; Linux x86_64; rv:37.0) Gecko/20100101 Firefox/37.0', 1),
(22, '2015-04-17 09:33:54', '127.0.0.1', 'Mozilla/5.0 (X11; Linux x86_64) AppleWebKit/537.36 (KHTML, like Gecko) Chrome/42.0.2311.90 Safari/537.36', 1),
(23, '2015-04-18 04:55:04', '127.0.0.1', 'Mozilla/5.0 (X11; Linux x86_64) AppleWebKit/537.36 (KHTML, like Gecko) Chrome/42.0.2311.90 Safari/537.36', 1),
(24, '2015-04-19 04:42:48', '127.0.0.1', 'Mozilla/5.0 (X11; Linux x86_64) AppleWebKit/537.36 (KHTML, like Gecko) Chrome/42.0.2311.90 Safari/537.36', 1),
(25, '2015-04-19 08:28:55', '127.0.0.1', 'Mozilla/5.0 (X11; Linux x86_64) AppleWebKit/537.36 (KHTML, like Gecko) Chrome/42.0.2311.90 Safari/537.36', 1),
(26, '2015-04-19 08:30:00', '127.0.0.1', 'Mozilla/5.0 (X11; Linux x86_64) AppleWebKit/537.36 (KHTML, like Gecko) Chrome/42.0.2311.90 Safari/537.36', 1),
(27, '2015-04-19 08:30:49', '127.0.0.1', 'Mozilla/5.0 (X11; Linux x86_64) AppleWebKit/537.36 (KHTML, like Gecko) Chrome/42.0.2311.90 Safari/537.36', 1),
(28, '2015-04-19 09:20:42', '127.0.0.1', 'Mozilla/5.0 (X11; Linux x86_64) AppleWebKit/537.36 (KHTML, like Gecko) Chrome/42.0.2311.90 Safari/537.36', 1),
(29, '2015-04-19 10:09:56', '127.0.0.1', 'Mozilla/5.0 (X11; Linux x86_64) AppleWebKit/537.36 (KHTML, like Gecko) Chrome/42.0.2311.90 Safari/537.36', 1),
(30, '2015-04-20 04:24:49', '127.0.0.1', 'Mozilla/5.0 (X11; Linux x86_64) AppleWebKit/537.36 (KHTML, like Gecko) Chrome/42.0.2311.90 Safari/537.36', 1),
(31, '2015-04-20 06:41:35', '127.0.0.1', 'Mozilla/5.0 (X11; Linux x86_64) AppleWebKit/537.36 (KHTML, like Gecko) Chrome/42.0.2311.90 Safari/537.36', 1),
(32, '2015-04-20 08:51:44', '127.0.0.1', 'Mozilla/5.0 (X11; Linux x86_64) AppleWebKit/537.36 (KHTML, like Gecko) Chrome/42.0.2311.90 Safari/537.36', 1),
(33, '2015-04-22 03:23:31', '127.0.0.1', 'Mozilla/5.0 (X11; Linux x86_64) AppleWebKit/537.36 (KHTML, like Gecko) Chrome/42.0.2311.90 Safari/537.36', 1),
(34, '2015-04-22 06:17:02', '127.0.0.1', 'Mozilla/5.0 (X11; Linux x86_64) AppleWebKit/537.36 (KHTML, like Gecko) Chrome/42.0.2311.90 Safari/537.36', 1),
(35, '2015-04-22 10:28:35', '127.0.0.1', 'Mozilla/5.0 (X11; Linux x86_64) AppleWebKit/537.36 (KHTML, like Gecko) Chrome/42.0.2311.90 Safari/537.36', 1),
(36, '2015-04-23 03:11:14', '127.0.0.1', 'Mozilla/5.0 (X11; Linux x86_64) AppleWebKit/537.36 (KHTML, like Gecko) Chrome/42.0.2311.90 Safari/537.36', 1),
(37, '2015-04-23 05:18:46', '127.0.0.1', 'Mozilla/5.0 (X11; Linux x86_64) AppleWebKit/537.36 (KHTML, like Gecko) Chrome/42.0.2311.90 Safari/537.36', 1),
(38, '2015-04-23 06:46:50', '127.0.0.1', 'Mozilla/5.0 (X11; Linux x86_64) AppleWebKit/537.36 (KHTML, like Gecko) Chrome/42.0.2311.90 Safari/537.36', 1),
(39, '2015-04-23 06:49:39', '127.0.0.1', 'Mozilla/5.0 (X11; Linux x86_64) AppleWebKit/537.36 (KHTML, like Gecko) Chrome/42.0.2311.90 Safari/537.36', 1),
(40, '2015-04-23 07:22:25', '127.0.0.1', 'Mozilla/5.0 (X11; Linux x86_64) AppleWebKit/537.36 (KHTML, like Gecko) Chrome/42.0.2311.90 Safari/537.36', 1),
(41, '2015-04-23 09:12:58', '127.0.0.1', 'Mozilla/5.0 (X11; Linux x86_64) AppleWebKit/537.36 (KHTML, like Gecko) Chrome/42.0.2311.90 Safari/537.36', 1),
(42, '2015-04-23 10:13:53', '127.0.0.1', 'Mozilla/5.0 (X11; Linux x86_64) AppleWebKit/537.36 (KHTML, like Gecko) Chrome/42.0.2311.90 Safari/537.36', 1),
(43, '2015-04-23 10:19:55', '127.0.0.1', 'Mozilla/5.0 (X11; Linux x86_64) AppleWebKit/537.36 (KHTML, like Gecko) Chrome/42.0.2311.90 Safari/537.36', 1),
(44, '2015-04-24 03:16:53', '127.0.0.1', 'Mozilla/5.0 (X11; Linux x86_64) AppleWebKit/537.36 (KHTML, like Gecko) Chrome/42.0.2311.90 Safari/537.36', 1),
(45, '2015-04-24 04:57:29', '127.0.0.1', 'Mozilla/5.0 (X11; Linux x86_64) AppleWebKit/537.36 (KHTML, like Gecko) Chrome/42.0.2311.90 Safari/537.36', 1),
(46, '2015-04-24 07:04:18', '127.0.0.1', 'Mozilla/5.0 (X11; Linux x86_64) AppleWebKit/537.36 (KHTML, like Gecko) Chrome/42.0.2311.90 Safari/537.36', 1),
(47, '2015-04-24 07:05:55', '127.0.0.1', 'Mozilla/5.0 (X11; Linux x86_64) AppleWebKit/537.36 (KHTML, like Gecko) Chrome/42.0.2311.90 Safari/537.36', 1),
(48, '2015-04-25 03:54:10', '127.0.0.1', 'Mozilla/5.0 (X11; Linux x86_64) AppleWebKit/537.36 (KHTML, like Gecko) Chrome/42.0.2311.90 Safari/537.36', 1),
(49, '2015-04-25 04:39:17', '127.0.0.1', 'Mozilla/5.0 (Windows NT 5.1) AppleWebKit/537.36 (KHTML, like Gecko) Chrome/41.0.2272.89 Safari/537.36', 1),
(50, '2015-04-25 04:51:56', '127.0.0.1', 'Mozilla/5.0 (X11; Ubuntu; Linux x86_64; rv:37.0) Gecko/20100101 Firefox/37.0', 1),
(51, '2015-04-27 10:21:53', '127.0.0.1', 'Mozilla/5.0 (X11; Linux x86_64) AppleWebKit/537.36 (KHTML, like Gecko) Chrome/42.0.2311.90 Safari/537.36', 1),
(52, '2015-04-27 11:45:18', '127.0.0.1', 'Mozilla/5.0 (X11; Linux x86_64) AppleWebKit/537.36 (KHTML, like Gecko) Chrome/42.0.2311.90 Safari/537.36', 1),
(53, '2015-04-27 11:52:52', '127.0.0.1', 'Mozilla/5.0 (X11; Linux x86_64) AppleWebKit/537.36 (KHTML, like Gecko) Chrome/42.0.2311.90 Safari/537.36', 1),
(54, '2015-04-27 11:57:14', '127.0.0.1', 'Mozilla/5.0 (X11; Linux x86_64) AppleWebKit/537.36 (KHTML, like Gecko) Chrome/42.0.2311.90 Safari/537.36', 1),
(55, '2015-04-27 11:59:23', '127.0.0.1', 'Mozilla/5.0 (X11; Linux x86_64) AppleWebKit/537.36 (KHTML, like Gecko) Chrome/42.0.2311.90 Safari/537.36', 2),
(56, '2015-04-27 11:59:49', '127.0.0.1', 'Mozilla/5.0 (X11; Linux x86_64) AppleWebKit/537.36 (KHTML, like Gecko) Chrome/42.0.2311.90 Safari/537.36', 1),
(57, '2015-04-28 11:35:54', '127.0.0.1', 'Mozilla/5.0 (X11; Linux x86_64) AppleWebKit/537.36 (KHTML, like Gecko) Chrome/42.0.2311.90 Safari/537.36', 1),
(58, '2015-04-29 08:15:02', '127.0.0.1', 'Mozilla/5.0 (X11; Linux x86_64) AppleWebKit/537.36 (KHTML, like Gecko) Chrome/42.0.2311.135 Safari/537.36', 1),
(59, '2015-04-29 11:45:23', '10.250.243.1', 'Mozilla/5.0 (X11; Linux x86_64) AppleWebKit/537.36 (KHTML, like Gecko) Chrome/42.0.2311.135 Safari/537.36', 2),
(60, '2015-04-29 11:46:11', '10.250.243.1', 'Mozilla/5.0 (X11; Linux x86_64) AppleWebKit/537.36 (KHTML, like Gecko) Chrome/42.0.2311.135 Safari/537.36', 2),
(61, '2015-04-29 12:02:18', '37.200.91.208', 'Mozilla/5.0 (Windows NT 6.3; WOW64) AppleWebKit/537.36 (KHTML, like Gecko) Chrome/42.0.2311.90 Safari/537.36', 1),
(62, '2015-04-29 12:07:41', '10.250.243.1', 'Mozilla/5.0 (X11; Linux x86_64) AppleWebKit/537.36 (KHTML, like Gecko) Chrome/42.0.2311.135 Safari/537.36', 1),
(63, '2015-04-30 04:59:53', '10.250.243.1', 'Mozilla/5.0 (X11; Linux x86_64) AppleWebKit/537.36 (KHTML, like Gecko) Chrome/42.0.2311.135 Safari/537.36', 1),
(64, '2015-04-30 08:13:11', '95.172.118.159', 'Mozilla/5.0 (Windows NT 6.3; WOW64) AppleWebKit/537.36 (KHTML, like Gecko) Chrome/42.0.2311.90 Safari/537.36', 1),
(65, '2015-04-30 08:14:27', '95.172.118.159', 'Mozilla/5.0 (Windows NT 6.3; WOW64) AppleWebKit/537.36 (KHTML, like Gecko) Chrome/42.0.2311.90 Safari/537.36', 2),
(66, '2015-04-30 08:18:53', '95.172.118.159', 'Mozilla/5.0 (Windows NT 6.3; WOW64) AppleWebKit/537.36 (KHTML, like Gecko) Chrome/42.0.2311.90 Safari/537.36', 1),
(67, '2015-04-30 08:19:25', '95.172.118.159', 'Mozilla/5.0 (Windows NT 6.3; WOW64) AppleWebKit/537.36 (KHTML, like Gecko) Chrome/42.0.2311.90 Safari/537.36', 2),
(68, '2015-04-30 08:31:36', '95.172.118.159', 'Mozilla/5.0 (Windows NT 6.3; WOW64) AppleWebKit/537.36 (KHTML, like Gecko) Chrome/42.0.2311.90 Safari/537.36', 1),
(69, '2015-04-30 08:32:45', '95.172.118.159', 'Mozilla/5.0 (Windows NT 6.3; WOW64) AppleWebKit/537.36 (KHTML, like Gecko) Chrome/42.0.2311.90 Safari/537.36', 3),
(70, '2015-04-30 08:34:47', '95.172.118.159', 'Mozilla/5.0 (Windows NT 6.3; WOW64) AppleWebKit/537.36 (KHTML, like Gecko) Chrome/42.0.2311.90 Safari/537.36', 1),
(71, '2015-04-30 08:43:11', '95.172.118.159', 'Mozilla/5.0 (Windows NT 6.3; WOW64) AppleWebKit/537.36 (KHTML, like Gecko) Chrome/42.0.2311.90 Safari/537.36', 8),
(72, '2015-04-30 08:43:53', '95.172.118.159', 'Mozilla/5.0 (Windows NT 6.3; WOW64) AppleWebKit/537.36 (KHTML, like Gecko) Chrome/42.0.2311.90 Safari/537.36', 1),
(73, '2015-04-30 08:43:55', '95.172.118.159', 'Mozilla/5.0 (Windows NT 6.3; WOW64) AppleWebKit/537.36 (KHTML, like Gecko) Chrome/42.0.2311.90 Safari/537.36', 1),
(74, '2015-04-30 08:44:12', '95.172.118.159', 'Mozilla/5.0 (Windows NT 6.3; WOW64) AppleWebKit/537.36 (KHTML, like Gecko) Chrome/42.0.2311.90 Safari/537.36', 8),
(75, '2015-04-30 08:44:31', '95.172.118.159', 'Mozilla/5.0 (Windows NT 6.3; WOW64) AppleWebKit/537.36 (KHTML, like Gecko) Chrome/42.0.2311.90 Safari/537.36', 1),
(76, '2015-04-30 08:45:07', '95.172.118.159', 'Mozilla/5.0 (Windows NT 6.3; WOW64) AppleWebKit/537.36 (KHTML, like Gecko) Chrome/42.0.2311.90 Safari/537.36', 3),
(77, '2015-04-30 08:48:06', '95.172.118.159', 'Mozilla/5.0 (Windows NT 6.3; WOW64) AppleWebKit/537.36 (KHTML, like Gecko) Chrome/42.0.2311.90 Safari/537.36', 8),
(78, '2015-04-30 09:43:39', '10.250.243.1', 'Mozilla/5.0 (X11; Linux x86_64) AppleWebKit/537.36 (KHTML, like Gecko) Chrome/42.0.2311.135 Safari/537.36', 1),
(79, '2015-04-30 09:47:04', '10.250.243.1', 'Mozilla/5.0 (X11; Linux x86_64) AppleWebKit/537.36 (KHTML, like Gecko) Chrome/42.0.2311.135 Safari/537.36', 1),
(80, '2015-04-30 09:52:00', '95.172.118.159', 'Mozilla/5.0 (Windows NT 6.3; WOW64) AppleWebKit/537.36 (KHTML, like Gecko) Chrome/42.0.2311.90 Safari/537.36', 1),
(81, '2015-04-30 11:10:58', '10.250.243.1', 'Mozilla/5.0 (X11; Linux x86_64) AppleWebKit/537.36 (KHTML, like Gecko) Chrome/42.0.2311.135 Safari/537.36', 1),
(82, '2015-04-30 11:34:02', '79.98.89.52', 'Mozilla/5.0 (Windows NT 6.2; WOW64) AppleWebKit/537.36 (KHTML, like Gecko) Chrome/42.0.2311.90 Safari/537.36', 1),
(83, '2015-04-30 11:40:33', '79.98.89.52', 'Mozilla/5.0 (Windows NT 6.2; WOW64) AppleWebKit/537.36 (KHTML, like Gecko) Chrome/42.0.2311.90 Safari/537.36', 1),
(84, '2015-04-30 11:50:57', '79.98.89.52', 'Mozilla/5.0 (Windows NT 6.2; WOW64) AppleWebKit/537.36 (KHTML, like Gecko) Chrome/42.0.2311.90 Safari/537.36', 3),
(85, '2015-04-30 11:53:04', '79.98.89.52', 'Mozilla/5.0 (Windows NT 6.2; WOW64) AppleWebKit/537.36 (KHTML, like Gecko) Chrome/42.0.2311.90 Safari/537.36', 1),
(86, '2015-05-02 13:00:04', '217.118.83.247', 'Mozilla/5.0 (iPhone; CPU iPhone OS 8_3 like Mac OS X) AppleWebKit/600.1.4 (KHTML, like Gecko) Version/8.0 Mobile/12F70 Safari/600.1.4', 1),
(87, '2015-05-05 10:11:57', '79.98.89.52', 'Mozilla/5.0 (Windows NT 6.2; WOW64) AppleWebKit/537.36 (KHTML, like Gecko) Chrome/42.0.2311.135 Safari/537.36', 1),
(88, '2015-05-05 10:15:49', '79.98.89.52', 'Mozilla/5.0 (Windows NT 6.1; WOW64) AppleWebKit/537.36 (KHTML, like Gecko) Chrome/41.0.2272.118 Safari/537.36', 1),
(89, '2015-05-05 10:18:14', '10.250.243.1', 'Mozilla/5.0 (X11; Linux x86_64) AppleWebKit/537.36 (KHTML, like Gecko) Chrome/42.0.2311.135 Safari/537.36', 1),
(90, '2015-05-06 05:50:44', '10.250.243.1', 'Mozilla/5.0 (X11; Linux x86_64) AppleWebKit/537.36 (KHTML, like Gecko) Chrome/42.0.2311.135 Safari/537.36', 1),
(91, '2015-05-06 07:43:00', '79.98.89.52', 'Mozilla/5.0 (Windows NT 6.2; WOW64) AppleWebKit/537.36 (KHTML, like Gecko) Chrome/42.0.2311.135 Safari/537.36', 1),
(92, '2015-05-06 18:53:51', '37.200.93.179', 'Mozilla/5.0 (Windows NT 6.3; WOW64) AppleWebKit/537.36 (KHTML, like Gecko) Chrome/42.0.2311.135 Safari/537.36', 1),
(93, '2015-05-07 05:41:38', '79.98.89.52', 'Mozilla/5.0 (Windows NT 6.2; WOW64) AppleWebKit/537.36 (KHTML, like Gecko) Chrome/42.0.2311.135 Safari/537.36', 1),
(94, '2015-05-07 06:51:32', '10.250.243.1', 'Mozilla/5.0 (X11; Linux x86_64) AppleWebKit/537.36 (KHTML, like Gecko) Chrome/42.0.2311.135 Safari/537.36', 1),
(95, '2015-05-07 06:59:41', '79.98.89.52', 'Mozilla/5.0 (Windows NT 6.2; WOW64) AppleWebKit/537.36 (KHTML, like Gecko) Chrome/42.0.2311.135 Safari/537.36', 3),
(96, '2015-05-07 07:00:35', '79.98.89.52', 'Mozilla/5.0 (Windows NT 6.2; WOW64) AppleWebKit/537.36 (KHTML, like Gecko) Chrome/42.0.2311.135 Safari/537.36', 1),
(97, '2015-05-07 12:43:24', '79.98.89.52', 'Mozilla/5.0 (Windows NT 6.2; WOW64) AppleWebKit/537.36 (KHTML, like Gecko) Chrome/42.0.2311.135 Safari/537.36', 1),
(98, '2015-05-08 03:29:31', '10.250.243.1', 'Mozilla/5.0 (X11; Linux x86_64) AppleWebKit/537.36 (KHTML, like Gecko) Chrome/42.0.2311.135 Safari/537.36', 1),
(99, '2015-05-08 11:10:39', '10.250.243.1', 'Mozilla/5.0 (X11; Linux x86_64) AppleWebKit/537.36 (KHTML, like Gecko) Chrome/42.0.2311.135 Safari/537.36', 1);

-- --------------------------------------------------------

--
-- Структура таблицы `old_advert`
--

CREATE TABLE IF NOT EXISTS `old_advert` (
  `id` int(255) NOT NULL AUTO_INCREMENT,
  `id_advert` int(255) NOT NULL,
  `text_advert` text NOT NULL,
  `comment` text NOT NULL,
  `paid` int(1) NOT NULL,
  `date_edit` timestamp NOT NULL DEFAULT CURRENT_TIMESTAMP ON UPDATE CURRENT_TIMESTAMP,
  `who_edit` int(255) NOT NULL,
  PRIMARY KEY (`id`),
  UNIQUE KEY `id` (`id`)
) ENGINE=InnoDB  DEFAULT CHARSET=utf8 COMMENT='Версии объявлений' AUTO_INCREMENT=25 ;

--
-- Дамп данных таблицы `old_advert`
--

INSERT INTO `old_advert` (`id`, `id_advert`, `text_advert`, `comment`, `paid`, `date_edit`, `who_edit`) VALUES
(1, 1, 'Продам автомобиль. Обращатся по телефону 55-55-55.', '', 0, '2015-04-19 08:38:36', 1),
(2, 1, 'Продам автомобиль. Обращатся по телефону 55-55-55.', '', 0, '2015-04-19 08:38:50', 1),
(3, 1, 'Продам автомобиль. Обращатся по телефону 55-55-55.', '', 0, '2015-04-19 08:41:58', 1),
(4, 2, 'привет медвед', '', 0, '2015-04-20 04:25:45', 1),
(5, 2, 'привет медвед', '', 0, '2015-04-20 06:41:45', 1),
(6, 1, 'Продам автомобиль. Обращатся по телефону 55-55-55.', '', 0, '2015-04-20 07:12:37', 1),
(7, 6, 'вфывфыв фыв фыв фыв фыв фыв фыв фыв фыв  вы  ыфв фыв ', '', 0, '2015-04-23 09:28:37', 1),
(8, 6, 'вфывфыв фыв фыв фыв фыв фыв фыв фыв фыв  вы  ыфв фыв  фывфывыфв фывфыв', '', 0, '2015-04-23 09:29:15', 1),
(9, 6, 'вфывфыв фыв фыв фыв фыв фыв фыв фыв фыв  вы  ыфв фыв  фывфывыфв фывфыв', '', 0, '2015-04-23 09:29:39', 1),
(10, 6, 'вфывфыв фыв фыв фыв фыв фыв фыв фыв фыв  вы  ыфв фыв  фывфывыфв фывфыв', '', 0, '2015-04-23 09:56:05', 1),
(11, 9, 'Продаётся автомобиль ваз 2121. Тел. 55-42-32123', '', 0, '2015-04-25 04:45:13', 1),
(12, 9, 'Продаётся автомобиль ваз 2121. Тел. 55-42-32123 zasdasdasd', '', 1, '2015-04-25 04:49:18', 1),
(13, 10, '\r\nфывфывфывфывфыв \r\nфывфывфыв\r\nфывфыв\r\nфывфывфыв', '', 1, '2015-04-27 10:27:09', 1),
(14, 10, 'фывфывфывфывфыв \r\nфывфывфыв фывфвыфыв \r\nфывфыв\r\nфывфывфыв', '', 1, '2015-04-27 10:28:17', 1),
(15, 3, 'Продаётся автомобиль ваз 2121. Тел. 55-42-32', '', 1, '2015-04-27 10:30:01', 1),
(16, 12, 'ыва ыва ыава ываывваываыва ыва ыва ', '', 1, '2015-04-29 10:15:23', 1),
(17, 12, 'ыва ыва ыава ываывваываыва ыва ыва  sadfsdf ssdf sdfsdf sdf sdf fsdfsdf sdf ', '', 1, '2015-04-29 10:45:31', 1),
(18, 11, 'ываываыва ываыва ываа ыва ываыва ыва ыав ', '', 1, '2015-04-29 11:29:34', 1),
(19, 12, 'ыва ыва ыава ываывваываыва ыва ыва  sadfsdf ssdf sdfsdf sdf sdf fsdfsdf sdf ', '', 0, '2015-04-29 11:30:56', 1),
(20, 12, 'ыва ыва ыава ываывваываыва ыва ыва  sadfsdf ssdf sdfsdf sdf sdf fsdfsdf sdf ', '', 1, '2015-04-30 08:45:34', 3),
(21, 11, 'ываываыва ываыва ываа ыва ываыва ыва ыав ', '', 1, '2015-04-30 11:34:36', 1),
(22, 12, 'ыва ыва ыава ываывваываыва ыва ыва  sadfsdf ssdf sdfsdf sdf sdf', '123123123123', 1, '2015-04-30 11:39:33', 1),
(23, 15, 'Кука!', 'Ага', 1, '2015-04-30 11:40:42', 1),
(24, 12, 'ыва ыва ыава ываывваываыва ыва ыва  sadfsdf ssdf sdfsdf sdf sdf', '1-0', 1, '2015-05-07 05:42:39', 1);

-- --------------------------------------------------------

--
-- Структура таблицы `released_advert`
--

CREATE TABLE IF NOT EXISTS `released_advert` (
  `id_advert` int(255) NOT NULL,
  `date_released` varchar(255) NOT NULL,
  `date_unix` int(255) NOT NULL,
  `uniq_id` int(255) NOT NULL AUTO_INCREMENT,
  PRIMARY KEY (`uniq_id`),
  KEY `date_released` (`date_released`),
  KEY `id_advert` (`id_advert`)
) ENGINE=InnoDB  DEFAULT CHARSET=utf8 COMMENT='Даты выходов' AUTO_INCREMENT=200 ;

--
-- Дамп данных таблицы `released_advert`
--

INSERT INTO `released_advert` (`id_advert`, `date_released`, `date_unix`, `uniq_id`) VALUES
(11, '30.04.2015', 1430334000, 133),
(11, '01.05.2015', 1430420400, 134),
(11, '02.05.2015', 1430506800, 135),
(11, '03.05.2015', 1430593200, 136),
(11, '04.05.2015', 1430679600, 137),
(11, '05.05.2015', 1430766000, 138),
(11, '01.06.2015', 1433098800, 139),
(12, '01.05.2015', 1430420400, 140),
(12, '02.05.2015', 1430506800, 141),
(12, '03.05.2015', 1430593200, 142),
(12, '04.05.2015', 1430679600, 143),
(12, '05.05.2015', 1430766000, 144),
(12, '06.05.2015', 1430852400, 145),
(12, '07.05.2015', 1430938800, 146),
(12, '08.05.2015', 1431025200, 147),
(12, '09.05.2015', 1431111600, 148),
(12, '10.05.2015', 1431198000, 149),
(12, '11.05.2015', 1431284400, 150),
(12, '12.05.2015', 1431370800, 151),
(12, '13.05.2015', 1431457200, 152),
(12, '14.05.2015', 1431543600, 153),
(12, '15.05.2015', 1431630000, 154),
(12, '16.05.2015', 1431716400, 155),
(12, '30.05.2015', 1432926000, 156),
(13, '04.05.2015', 1430679600, 157),
(13, '05.05.2015', 1430766000, 158),
(13, '06.05.2015', 1430852400, 159),
(14, '30.04.2015', 1430334000, 160),
(15, '01.05.2015', 1430420400, 161),
(15, '02.05.2015', 1430506800, 162),
(15, '03.05.2015', 1430593200, 163),
(15, '04.05.2015', 1430679600, 164),
(15, '05.05.2015', 1430766000, 165),
(15, '06.05.2015', 1430852400, 166),
(15, '07.05.2015', 1430938800, 167),
(15, '08.05.2015', 1431025200, 168),
(15, '09.05.2015', 1431111600, 169),
(15, '10.05.2015', 1431198000, 170),
(16, '05.05.2015', 1430766000, 171),
(16, '07.05.2015', 1430938800, 172),
(16, '09.05.2015', 1431111600, 173),
(16, '11.05.2015', 1431284400, 174),
(16, '13.05.2015', 1431457200, 175),
(16, '15.05.2015', 1431630000, 176),
(16, '17.05.2015', 1431802800, 177),
(17, '14.05.2015', 1431543600, 178),
(17, '11.06.2015', 1433962800, 179),
(18, '20.05.2015', 1432062000, 180),
(18, '21.05.2015', 1432148400, 181),
(18, '22.05.2015', 1432234800, 182),
(19, '19.05.2015', 1431975600, 183),
(19, '21.05.2015', 1432148400, 184),
(19, '22.05.2015', 1432234800, 185),
(19, '25.05.2015', 1432494000, 186),
(20, '31.05.2015', 1433012400, 187),
(20, '01.06.2015', 1433098800, 188),
(20, '02.06.2015', 1433185200, 189),
(20, '03.06.2015', 1433271600, 190),
(20, '04.06.2015', 1433358000, 191),
(20, '05.06.2015', 1433444400, 192),
(20, '06.06.2015', 1433530800, 193),
(21, '20.06.2015', 1434740400, 194),
(22, '07.05.2015', 1430938800, 195),
(22, '08.05.2015', 1431025200, 196),
(22, '09.05.2015', 1431111600, 197),
(22, '10.05.2015', 1431198000, 198),
(22, '11.05.2015', 1431284400, 199);

-- --------------------------------------------------------

--
-- Структура таблицы `rights`
--

CREATE TABLE IF NOT EXISTS `rights` (
  `id` int(11) NOT NULL AUTO_INCREMENT,
  `priority` int(2) NOT NULL,
  `name` varchar(255) NOT NULL,
  `active` int(1) NOT NULL,
  UNIQUE KEY `id` (`id`)
) ENGINE=InnoDB  DEFAULT CHARSET=utf8 AUTO_INCREMENT=14 ;

--
-- Дамп данных таблицы `rights`
--

INSERT INTO `rights` (`id`, `priority`, `name`, `active`) VALUES
(1, 1, 'Администратор', 1),
(3, 2, 'Оператор', 0),
(4, 3, 'Менеджер', 0),
(5, 3, 'Бухгалтер', 0),
(6, 5, 'Полное редактирование объявления', 1),
(7, 20, 'Удаление объявления', 1),
(8, 5, 'Редактирование текста только своего объявления', 1),
(9, 5, 'Просмотр всех объявлений', 1),
(10, 5, 'Доступ к графику выходов', 1),
(11, 5, 'Возможность предоставлять скидку', 1),
(12, 5, 'Добавление нового объявления', 1),
(13, 5, 'Редактирование текста любового объявления', 1);

-- --------------------------------------------------------

--
-- Структура таблицы `speed`
--

CREATE TABLE IF NOT EXISTS `speed` (
  `id` int(5) NOT NULL AUTO_INCREMENT,
  `koef` varchar(255) NOT NULL,
  `date_create` timestamp NOT NULL DEFAULT CURRENT_TIMESTAMP,
  `who_add` int(3) NOT NULL,
  `who_edit` int(3) NOT NULL,
  PRIMARY KEY (`id`)
) ENGINE=InnoDB  DEFAULT CHARSET=utf8 COMMENT='Пункт приёма объявления' AUTO_INCREMENT=5 ;

--
-- Дамп данных таблицы `speed`
--

INSERT INTO `speed` (`id`, `koef`, `date_create`, `who_add`, `who_edit`) VALUES
(4, '1.19047', '2015-04-22 12:59:19', 1, 0);

-- --------------------------------------------------------

--
-- Структура таблицы `user`
--

CREATE TABLE IF NOT EXISTS `user` (
  `user_id` int(11) NOT NULL AUTO_INCREMENT,
  `login` varchar(255) NOT NULL,
  `password` varchar(255) NOT NULL,
  `first_name` varchar(255) NOT NULL,
  `second_name` varchar(255) NOT NULL,
  `third_name` varchar(255) NOT NULL,
  `date_birth` varchar(11) NOT NULL,
  `active` int(1) NOT NULL,
  `max_time` varchar(6) NOT NULL,
  `date_register` timestamp NOT NULL DEFAULT CURRENT_TIMESTAMP ON UPDATE CURRENT_TIMESTAMP,
  `who_added` int(25) NOT NULL,
  PRIMARY KEY (`user_id`)
) ENGINE=InnoDB  DEFAULT CHARSET=utf8 AUTO_INCREMENT=9 ;

--
-- Дамп данных таблицы `user`
--

INSERT INTO `user` (`user_id`, `login`, `password`, `first_name`, `second_name`, `third_name`, `date_birth`, `active`, `max_time`, `date_register`, `who_added`) VALUES
(1, 'admin', '$2y$10$MEu2vknBjv4lstyUi75h6ed5p5DZZFkPz5hggi6HM86n4/o0d0e0i', 'Артур', '', '', '', 1, '16:15', '2015-04-23 07:22:09', 0),
(2, 'test', '$2y$10$qfDXDslvDkr5L.2sI/QqRemDrYSr6j.2PFtM9k9v6JdFH8h9nQKRa', 'test', '', '', '', 1, '17:00', '2015-04-30 08:14:13', 1),
(3, 'TST1', '$2y$10$zmNeXZXM/kCjbVL8wYEeAOqT.Uq7v5c2TzosmWhuebdGE8.0aWIWq', 'TST1', '', '', '', 1, '17:00', '2015-04-30 08:38:34', 2),
(4, 'ivanov_ii', '$2y$10$Zw3vkvJiL6S.JfZJyJGX0.wu0ifvefe06zf.NMwEpAbOLQqtq33wW', 'Иван', 'Иванов', 'Иванович', '', 1, '', '2015-04-15 07:07:53', 1),
(5, 'khusainov_ts', '$2y$10$RaAOtR.bzv0ocl2IqPs09OOy8ls4gMepd2KWH.imjVypI4xQ4/ENa', 'test', 'хусаинов', 'sdfdf', '', 1, '', '2015-04-17 09:36:18', 1),
(6, 'fyvfvfv', '$2y$10$WSfrwoRM4i1E46.kpgRxd.B4zeFavms7Y/XAG43P.MK.gnxsXeGMy', 'фывфвфв', '', '', '', 1, '16:15', '2015-04-22 06:19:49', 1),
(7, 'vapvapva', '$2y$10$cmOgXdTNafbQvEJPfu8xcuES4oPvmmM71opZFhx/mYHGEIq5xbfY2', 'вапвапва', '', '', '', 1, '16:47', '2015-04-22 06:20:52', 1),
(8, 'TST2', '$2y$10$AB55OWuUfhxZINZFgoqfIeOdmcwq8R7ARvCfaoHUFmzkoahQsic6u', 'TST2', '', '', '', 1, '12:58', '2015-04-30 08:43:04', 1);

-- --------------------------------------------------------

--
-- Структура таблицы `user_channels`
--

CREATE TABLE IF NOT EXISTS `user_channels` (
  `uniqid` int(255) NOT NULL AUTO_INCREMENT,
  `user_id` int(255) NOT NULL,
  `channel` int(255) NOT NULL,
  PRIMARY KEY (`uniqid`),
  UNIQUE KEY `uniqid` (`uniqid`)
) ENGINE=InnoDB  DEFAULT CHARSET=utf8 AUTO_INCREMENT=140 ;

--
-- Дамп данных таблицы `user_channels`
--

INSERT INTO `user_channels` (`uniqid`, `user_id`, `channel`) VALUES
(1, 6, 1),
(2, 7, 1),
(3, 7, 2),
(4, 7, 3),
(122, 2, 1),
(129, 8, 1),
(130, 8, 2),
(134, 1, 1),
(135, 1, 2),
(136, 1, 3),
(137, 3, 1),
(138, 3, 2),
(139, 3, 3);

-- --------------------------------------------------------

--
-- Структура таблицы `user_items`
--

CREATE TABLE IF NOT EXISTS `user_items` (
  `uniqid` int(255) NOT NULL AUTO_INCREMENT,
  `user_id` int(255) NOT NULL,
  `item` int(255) NOT NULL,
  PRIMARY KEY (`uniqid`)
) ENGINE=InnoDB  DEFAULT CHARSET=utf8 AUTO_INCREMENT=78 ;

--
-- Дамп данных таблицы `user_items`
--

INSERT INTO `user_items` (`uniqid`, `user_id`, `item`) VALUES
(1, 6, 2),
(2, 7, 1),
(3, 7, 2),
(4, 7, 3),
(65, 2, 2),
(70, 8, 3),
(73, 1, 1),
(74, 1, 2),
(75, 1, 3),
(76, 3, 1),
(77, 3, 2);

-- --------------------------------------------------------

--
-- Структура таблицы `user_rights`
--

CREATE TABLE IF NOT EXISTS `user_rights` (
  `uniqid` int(255) NOT NULL AUTO_INCREMENT,
  `user_id` int(11) NOT NULL,
  `rights` int(11) NOT NULL,
  PRIMARY KEY (`uniqid`),
  KEY `user_id` (`user_id`)
) ENGINE=InnoDB  DEFAULT CHARSET=utf8 AUTO_INCREMENT=144 ;

--
-- Дамп данных таблицы `user_rights`
--

INSERT INTO `user_rights` (`uniqid`, `user_id`, `rights`) VALUES
(14, 4, 1),
(15, 4, 3),
(16, 4, 5),
(21, 5, 1),
(22, 6, 3),
(23, 7, 1),
(24, 7, 3),
(25, 7, 4),
(26, 7, 5),
(111, 2, 8),
(112, 2, 10),
(113, 2, 11),
(114, 2, 12),
(123, 8, 8),
(124, 8, 9),
(125, 8, 10),
(126, 8, 12),
(131, 1, 1),
(132, 1, 11),
(133, 1, 12),
(134, 1, 10),
(135, 1, 6),
(136, 1, 9),
(137, 1, 13),
(138, 1, 8),
(139, 1, 7),
(140, 3, 11),
(141, 3, 12),
(142, 3, 10),
(143, 3, 8);

/*!40101 SET CHARACTER_SET_CLIENT=@OLD_CHARACTER_SET_CLIENT */;
/*!40101 SET CHARACTER_SET_RESULTS=@OLD_CHARACTER_SET_RESULTS */;
/*!40101 SET COLLATION_CONNECTION=@OLD_COLLATION_CONNECTION */;
